file,line,type,commit,author,date,time,timezone,datetime,depth,length
style.css,1,css,67505467,RyanCao,2025-04-09,20:42:38,-07:00,2025-04-09T20:42:38-07:00,0,6
style.css,2,css,eeb053b6,RyanCao,2025-04-16,21:53:39,-07:00,2025-04-16T21:53:39-07:00,0,34
style.css,3,css,3d02ec3d,RyanCao,2025-04-25,21:06:16,-07:00,2025-04-25T21:06:16-07:00,0,40
style.css,4,css,1bad0109,RyanCao,2025-04-25,20:33:23,-07:00,2025-04-25T20:33:23-07:00,0,0
style.css,5,css,1bad0109,RyanCao,2025-04-25,20:33:23,-07:00,2025-04-25T20:33:23-07:00,0,0
style.css,6,css,eeb053b6,RyanCao,2025-04-16,21:53:39,-07:00,2025-04-16T21:53:39-07:00,0,5
style.css,7,css,eeb053b6,RyanCao,2025-04-16,21:53:39,-07:00,2025-04-16T21:53:39-07:00,0,24
style.css,8,css,eeb053b6,RyanCao,2025-04-16,21:53:39,-07:00,2025-04-16T21:53:39-07:00,0,24
style.css,9,css,eeb053b6,RyanCao,2025-04-16,21:53:39,-07:00,2025-04-16T21:53:39-07:00,0,17
style.css,10,css,67505467,RyanCao,2025-04-09,20:42:38,-07:00,2025-04-09T20:42:38-07:00,0,0
style.css,11,css,6054fc6c,RyanCao,2025-04-04,14:29:27,-07:00,2025-04-04T14:29:27-07:00,0,5
style.css,12,css,67505467,RyanCao,2025-04-09,20:42:38,-07:00,2025-04-09T20:42:38-07:00,0,16
style.css,13,css,67505467,RyanCao,2025-04-09,20:42:38,-07:00,2025-04-09T20:42:38-07:00,0,19
style.css,14,css,67505467,RyanCao,2025-04-09,20:42:38,-07:00,2025-04-09T20:42:38-07:00,0,12
style.css,15,css,67505467,RyanCao,2025-04-09,20:42:38,-07:00,2025-04-09T20:42:38-07:00,0,23
style.css,16,css,67505467,RyanCao,2025-04-09,20:42:38,-07:00,2025-04-09T20:42:38-07:00,0,16
style.css,17,css,6054fc6c,RyanCao,2025-04-04,14:29:27,-07:00,2025-04-04T14:29:27-07:00,0,24
style.css,18,css,67505467,RyanCao,2025-04-09,20:42:38,-07:00,2025-04-09T20:42:38-07:00,0,33
style.css,19,css,67505467,RyanCao,2025-04-09,20:42:38,-07:00,2025-04-09T20:42:38-07:00,0,0
style.css,20,css,67505467,RyanCao,2025-04-09,20:42:38,-07:00,2025-04-09T20:42:38-07:00,0,11
style.css,21,css,67505467,RyanCao,2025-04-09,20:42:38,-07:00,2025-04-09T20:42:38-07:00,0,18
style.css,22,css,67505467,RyanCao,2025-04-09,20:42:38,-07:00,2025-04-09T20:42:38-07:00,0,16
style.css,23,css,67505467,RyanCao,2025-04-09,20:42:38,-07:00,2025-04-09T20:42:38-07:00,0,0
style.css,24,css,67505467,RyanCao,2025-04-09,20:42:38,-07:00,2025-04-09T20:42:38-07:00,0,0
style.css,25,css,67505467,RyanCao,2025-04-09,20:42:38,-07:00,2025-04-09T20:42:38-07:00,0,4
style.css,26,css,67505467,RyanCao,2025-04-09,20:42:38,-07:00,2025-04-09T20:42:38-07:00,0,13
style.css,27,css,67505467,RyanCao,2025-04-09,20:42:38,-07:00,2025-04-09T20:42:38-07:00,0,42
style.css,28,css,eeb053b6,RyanCao,2025-04-16,21:53:39,-07:00,2025-04-16T21:53:39-07:00,0,40
style.css,29,css,eeb053b6,RyanCao,2025-04-16,21:53:39,-07:00,2025-04-16T21:53:39-07:00,0,40
style.css,30,css,67505467,RyanCao,2025-04-09,20:42:38,-07:00,2025-04-09T20:42:38-07:00,0,0
style.css,31,css,67505467,RyanCao,2025-04-09,20:42:38,-07:00,2025-04-09T20:42:38-07:00,0,15
style.css,32,css,67505467,RyanCao,2025-04-09,20:42:38,-07:00,2025-04-09T20:42:38-07:00,0,17
style.css,33,css,67505467,RyanCao,2025-04-09,20:42:38,-07:00,2025-04-09T20:42:38-07:00,0,0
style.css,34,css,67505467,RyanCao,2025-04-09,20:42:38,-07:00,2025-04-09T20:42:38-07:00,0,0
style.css,35,css,67505467,RyanCao,2025-04-09,20:42:38,-07:00,2025-04-09T20:42:38-07:00,0,6
style.css,36,css,67505467,RyanCao,2025-04-09,20:42:38,-07:00,2025-04-09T20:42:38-07:00,0,7
style.css,37,css,67505467,RyanCao,2025-04-09,20:42:38,-07:00,2025-04-09T20:42:38-07:00,0,18
style.css,38,css,67505467,RyanCao,2025-04-09,20:42:38,-07:00,2025-04-09T20:42:38-07:00,0,21
style.css,39,css,67505467,RyanCao,2025-04-09,20:42:38,-07:00,2025-04-09T20:42:38-07:00,0,14
style.css,40,css,67505467,RyanCao,2025-04-09,20:42:38,-07:00,2025-04-09T20:42:38-07:00,0,14
style.css,41,css,67505467,RyanCao,2025-04-09,20:42:38,-07:00,2025-04-09T20:42:38-07:00,0,19
style.css,42,css,67505467,RyanCao,2025-04-09,20:42:38,-07:00,2025-04-09T20:42:38-07:00,0,0
style.css,43,css,67505467,RyanCao,2025-04-09,20:42:38,-07:00,2025-04-09T20:42:38-07:00,0,0
style.css,44,css,67505467,RyanCao,2025-04-09,20:42:38,-07:00,2025-04-09T20:42:38-07:00,0,14
style.css,45,css,eeb053b6,RyanCao,2025-04-16,21:53:39,-07:00,2025-04-16T21:53:39-07:00,0,17
style.css,46,css,eeb053b6,RyanCao,2025-04-16,21:53:39,-07:00,2025-04-16T21:53:39-07:00,0,21
style.css,47,css,67505467,RyanCao,2025-04-09,20:42:38,-07:00,2025-04-09T20:42:38-07:00,0,44
style.css,48,css,67505467,RyanCao,2025-04-09,20:42:38,-07:00,2025-04-09T20:42:38-07:00,0,0
style.css,49,css,67505467,RyanCao,2025-04-09,20:42:38,-07:00,2025-04-09T20:42:38-07:00,0,0
style.css,50,css,67505467,RyanCao,2025-04-09,20:42:38,-07:00,2025-04-09T20:42:38-07:00,0,12
style.css,51,css,67505467,RyanCao,2025-04-09,20:42:38,-07:00,2025-04-09T20:42:38-07:00,0,46
style.css,52,css,eeb053b6,RyanCao,2025-04-16,21:53:39,-07:00,2025-04-16T21:53:39-07:00,0,70
style.css,53,css,67505467,RyanCao,2025-04-09,20:42:38,-07:00,2025-04-09T20:42:38-07:00,0,0
style.css,54,css,67505467,RyanCao,2025-04-09,20:42:38,-07:00,2025-04-09T20:42:38-07:00,0,25
style.css,55,css,67505467,RyanCao,2025-04-09,20:42:38,-07:00,2025-04-09T20:42:38-07:00,0,5
style.css,56,css,67505467,RyanCao,2025-04-09,20:42:38,-07:00,2025-04-09T20:42:38-07:00,0,13
style.css,57,css,67505467,RyanCao,2025-04-09,20:42:38,-07:00,2025-04-09T20:42:38-07:00,0,31
style.css,58,css,67505467,RyanCao,2025-04-09,20:42:38,-07:00,2025-04-09T20:42:38-07:00,0,8
style.css,59,css,67505467,RyanCao,2025-04-09,20:42:38,-07:00,2025-04-09T20:42:38-07:00,0,13
style.css,60,css,67505467,RyanCao,2025-04-09,20:42:38,-07:00,2025-04-09T20:42:38-07:00,0,0
style.css,61,css,67505467,RyanCao,2025-04-09,20:42:38,-07:00,2025-04-09T20:42:38-07:00,0,0
style.css,62,css,67505467,RyanCao,2025-04-09,20:42:38,-07:00,2025-04-09T20:42:38-07:00,0,14
style.css,63,css,67505467,RyanCao,2025-04-09,20:42:38,-07:00,2025-04-09T20:42:38-07:00,0,13
style.css,64,css,67505467,RyanCao,2025-04-09,20:42:38,-07:00,2025-04-09T20:42:38-07:00,0,30
style.css,65,css,67505467,RyanCao,2025-04-09,20:42:38,-07:00,2025-04-09T20:42:38-07:00,0,19
style.css,66,css,67505467,RyanCao,2025-04-09,20:42:38,-07:00,2025-04-09T20:42:38-07:00,0,0
style.css,67,css,67505467,RyanCao,2025-04-09,20:42:38,-07:00,2025-04-09T20:42:38-07:00,0,0
style.css,68,css,67505467,RyanCao,2025-04-09,20:42:38,-07:00,2025-04-09T20:42:38-07:00,0,12
style.css,69,css,67505467,RyanCao,2025-04-09,20:42:38,-07:00,2025-04-09T20:42:38-07:00,0,19
style.css,70,css,67505467,RyanCao,2025-04-09,20:42:38,-07:00,2025-04-09T20:42:38-07:00,0,14
style.css,71,css,67505467,RyanCao,2025-04-09,20:42:38,-07:00,2025-04-09T20:42:38-07:00,0,13
style.css,72,css,67505467,RyanCao,2025-04-09,20:42:38,-07:00,2025-04-09T20:42:38-07:00,0,15
style.css,73,css,67505467,RyanCao,2025-04-09,20:42:38,-07:00,2025-04-09T20:42:38-07:00,0,0
style.css,74,css,67505467,RyanCao,2025-04-09,20:42:38,-07:00,2025-04-09T20:42:38-07:00,0,21
style.css,75,css,67505467,RyanCao,2025-04-09,20:42:38,-07:00,2025-04-09T20:42:38-07:00,0,10
style.css,76,css,67505467,RyanCao,2025-04-09,20:42:38,-07:00,2025-04-09T20:42:38-07:00,0,13
style.css,77,css,67505467,RyanCao,2025-04-09,20:42:38,-07:00,2025-04-09T20:42:38-07:00,0,59
style.css,78,css,67505467,RyanCao,2025-04-09,20:42:38,-07:00,2025-04-09T20:42:38-07:00,0,8
style.css,79,css,67505467,RyanCao,2025-04-09,20:42:38,-07:00,2025-04-09T20:42:38-07:00,0,17
style.css,80,css,67505467,RyanCao,2025-04-09,20:42:38,-07:00,2025-04-09T20:42:38-07:00,0,0
style.css,81,css,67505467,RyanCao,2025-04-09,20:42:38,-07:00,2025-04-09T20:42:38-07:00,0,0
style.css,82,css,67505467,RyanCao,2025-04-09,20:42:38,-07:00,2025-04-09T20:42:38-07:00,0,18
style.css,83,css,1bad0109,RyanCao,2025-04-25,20:33:23,-07:00,2025-04-25T20:33:23-07:00,0,35
style.css,84,css,1bad0109,RyanCao,2025-04-25,20:33:23,-07:00,2025-04-25T20:33:23-07:00,0,37
style.css,85,css,67505467,RyanCao,2025-04-09,20:42:38,-07:00,2025-04-09T20:42:38-07:00,0,0
style.css,86,css,67505467,RyanCao,2025-04-09,20:42:38,-07:00,2025-04-09T20:42:38-07:00,0,0
style.css,87,css,fb291a8e,RyanCao,2025-05-01,22:34:08,-07:00,2025-05-01T22:34:08-07:00,0,3
style.css,88,css,67505467,RyanCao,2025-04-09,20:42:38,-07:00,2025-04-09T20:42:38-07:00,0,9
style.css,89,css,67505467,RyanCao,2025-04-09,20:42:38,-07:00,2025-04-09T20:42:38-07:00,0,16
style.css,90,css,67505467,RyanCao,2025-04-09,20:42:38,-07:00,2025-04-09T20:42:38-07:00,0,0
style.css,91,css,67505467,RyanCao,2025-04-09,20:42:38,-07:00,2025-04-09T20:42:38-07:00,0,0
style.css,92,css,67505467,RyanCao,2025-04-09,20:42:38,-07:00,2025-04-09T20:42:38-07:00,0,14
style.css,93,css,67505467,RyanCao,2025-04-09,20:42:38,-07:00,2025-04-09T20:42:38-07:00,0,11
style.css,94,css,67505467,RyanCao,2025-04-09,20:42:38,-07:00,2025-04-09T20:42:38-07:00,0,12
style.css,95,css,67505467,RyanCao,2025-04-09,20:42:38,-07:00,2025-04-09T20:42:38-07:00,0,17
style.css,96,css,67505467,RyanCao,2025-04-09,20:42:38,-07:00,2025-04-09T20:42:38-07:00,0,0
style.css,97,css,67505467,RyanCao,2025-04-09,20:42:38,-07:00,2025-04-09T20:42:38-07:00,0,0
style.css,98,css,67505467,RyanCao,2025-04-09,20:42:38,-07:00,2025-04-09T20:42:38-07:00,0,3
style.css,99,css,67505467,RyanCao,2025-04-09,20:42:38,-07:00,2025-04-09T20:42:38-07:00,0,15
style.css,100,css,67505467,RyanCao,2025-04-09,20:42:38,-07:00,2025-04-09T20:42:38-07:00,0,0
style.css,101,css,67505467,RyanCao,2025-04-09,20:42:38,-07:00,2025-04-09T20:42:38-07:00,0,0
style.css,102,css,67505467,RyanCao,2025-04-09,20:42:38,-07:00,2025-04-09T20:42:38-07:00,0,23
style.css,103,css,67505467,RyanCao,2025-04-09,20:42:38,-07:00,2025-04-09T20:42:38-07:00,0,16
style.css,104,css,67505467,RyanCao,2025-04-09,20:42:38,-07:00,2025-04-09T20:42:38-07:00,0,18
style.css,105,css,67505467,RyanCao,2025-04-09,20:42:38,-07:00,2025-04-09T20:42:38-07:00,0,0
style.css,106,css,3d02ec3d,RyanCao,2025-04-25,21:06:16,-07:00,2025-04-25T21:06:16-07:00,0,0
style.css,107,css,eeb053b6,RyanCao,2025-04-16,21:53:39,-07:00,2025-04-16T21:53:39-07:00,0,0
style.css,108,css,3d02ec3d,RyanCao,2025-04-25,21:06:16,-07:00,2025-04-25T21:06:16-07:00,0,0
style.css,109,css,3d02ec3d,RyanCao,2025-04-25,21:06:16,-07:00,2025-04-25T21:06:16-07:00,0,41
style.css,110,css,a5085820,RyanCao,2025-04-25,20:39:10,-07:00,2025-04-25T20:39:10-07:00,0,8
style.css,111,css,a5085820,RyanCao,2025-04-25,20:39:10,-07:00,2025-04-25T20:39:10-07:00,0,16
style.css,112,css,a5085820,RyanCao,2025-04-25,20:39:10,-07:00,2025-04-25T20:39:10-07:00,0,32
style.css,113,css,a5085820,RyanCao,2025-04-25,20:39:10,-07:00,2025-04-25T20:39:10-07:00,0,0
style.css,114,css,67505467,RyanCao,2025-04-09,20:42:38,-07:00,2025-04-09T20:42:38-07:00,0,0
style.css,115,css,a5085820,RyanCao,2025-04-25,20:39:10,-07:00,2025-04-25T20:39:10-07:00,0,11
style.css,116,css,a5085820,RyanCao,2025-04-25,20:39:10,-07:00,2025-04-25T20:39:10-07:00,0,15
style.css,117,css,a5085820,RyanCao,2025-04-25,20:39:10,-07:00,2025-04-25T20:39:10-07:00,0,18
style.css,118,css,a5085820,RyanCao,2025-04-25,20:39:10,-07:00,2025-04-25T20:39:10-07:00,0,0
style.css,119,css,a5085820,RyanCao,2025-04-25,20:39:10,-07:00,2025-04-25T20:39:10-07:00,0,14
style.css,120,css,a5085820,RyanCao,2025-04-25,20:39:10,-07:00,2025-04-25T20:39:10-07:00,0,24
style.css,121,css,a5085820,RyanCao,2025-04-25,20:39:10,-07:00,2025-04-25T20:39:10-07:00,0,0
style.css,122,css,a5085820,RyanCao,2025-04-25,20:39:10,-07:00,2025-04-25T20:39:10-07:00,0,11
style.css,123,css,a5085820,RyanCao,2025-04-25,20:39:10,-07:00,2025-04-25T20:39:10-07:00,0,16
style.css,124,css,a5085820,RyanCao,2025-04-25,20:39:10,-07:00,2025-04-25T20:39:10-07:00,0,14
style.css,125,css,a5085820,RyanCao,2025-04-25,20:39:10,-07:00,2025-04-25T20:39:10-07:00,0,18
style.css,126,css,a5085820,RyanCao,2025-04-25,20:39:10,-07:00,2025-04-25T20:39:10-07:00,0,25
style.css,127,css,a5085820,RyanCao,2025-04-25,20:39:10,-07:00,2025-04-25T20:39:10-07:00,0,0
style.css,128,css,a5085820,RyanCao,2025-04-25,20:39:10,-07:00,2025-04-25T20:39:10-07:00,0,0
style.css,129,css,a5085820,RyanCao,2025-04-25,20:39:10,-07:00,2025-04-25T20:39:10-07:00,0,19
style.css,130,css,a5085820,RyanCao,2025-04-25,20:39:10,-07:00,2025-04-25T20:39:10-07:00,0,32
style.css,131,css,a5085820,RyanCao,2025-04-25,20:39:10,-07:00,2025-04-25T20:39:10-07:00,0,18
style.css,132,css,a5085820,RyanCao,2025-04-25,20:39:10,-07:00,2025-04-25T20:39:10-07:00,0,21
style.css,133,css,a5085820,RyanCao,2025-04-25,20:39:10,-07:00,2025-04-25T20:39:10-07:00,0,0
style.css,134,css,a5085820,RyanCao,2025-04-25,20:39:10,-07:00,2025-04-25T20:39:10-07:00,0,0
style.css,135,css,a5085820,RyanCao,2025-04-25,20:39:10,-07:00,2025-04-25T20:39:10-07:00,0,19
style.css,136,css,a5085820,RyanCao,2025-04-25,20:39:10,-07:00,2025-04-25T20:39:10-07:00,0,9
style.css,137,css,a5085820,RyanCao,2025-04-25,20:39:10,-07:00,2025-04-25T20:39:10-07:00,0,17
style.css,138,css,a5085820,RyanCao,2025-04-25,20:39:10,-07:00,2025-04-25T20:39:10-07:00,0,0
style.css,139,css,a5085820,RyanCao,2025-04-25,20:39:10,-07:00,2025-04-25T20:39:10-07:00,0,0
style.css,140,css,a5085820,RyanCao,2025-04-25,20:39:10,-07:00,2025-04-25T20:39:10-07:00,0,22
style.css,141,css,a5085820,RyanCao,2025-04-25,20:39:10,-07:00,2025-04-25T20:39:10-07:00,0,20
style.css,142,css,a5085820,RyanCao,2025-04-25,20:39:10,-07:00,2025-04-25T20:39:10-07:00,0,16
style.css,143,css,a5085820,RyanCao,2025-04-25,20:39:10,-07:00,2025-04-25T20:39:10-07:00,0,0
style.css,144,css,a5085820,RyanCao,2025-04-25,20:39:10,-07:00,2025-04-25T20:39:10-07:00,0,0
style.css,145,css,a5085820,RyanCao,2025-04-25,20:39:10,-07:00,2025-04-25T20:39:10-07:00,0,6
style.css,146,css,a5085820,RyanCao,2025-04-25,20:39:10,-07:00,2025-04-25T20:39:10-07:00,0,13
style.css,147,css,a5085820,RyanCao,2025-04-25,20:39:10,-07:00,2025-04-25T20:39:10-07:00,0,30
style.css,148,css,a5085820,RyanCao,2025-04-25,20:39:10,-07:00,2025-04-25T20:39:10-07:00,0,21
style.css,149,css,a5085820,RyanCao,2025-04-25,20:39:10,-07:00,2025-04-25T20:39:10-07:00,0,0
style.css,150,css,a5085820,RyanCao,2025-04-25,20:39:10,-07:00,2025-04-25T20:39:10-07:00,0,0
style.css,151,css,a5085820,RyanCao,2025-04-25,20:39:10,-07:00,2025-04-25T20:39:10-07:00,0,12
style.css,152,css,a5085820,RyanCao,2025-04-25,20:39:10,-07:00,2025-04-25T20:39:10-07:00,0,17
style.css,153,css,a5085820,RyanCao,2025-04-25,20:39:10,-07:00,2025-04-25T20:39:10-07:00,0,17
style.css,154,css,a5085820,RyanCao,2025-04-25,20:39:10,-07:00,2025-04-25T20:39:10-07:00,0,0
style.css,155,css,67505467,RyanCao,2025-04-09,20:42:38,-07:00,2025-04-09T20:42:38-07:00,0,0
style.css,156,css,eeb053b6,RyanCao,2025-04-16,21:53:39,-07:00,2025-04-16T21:53:39-07:00,0,30
style.css,157,css,67505467,RyanCao,2025-04-09,20:42:38,-07:00,2025-04-09T20:42:38-07:00,0,0
style.css,158,css,67505467,RyanCao,2025-04-09,20:42:38,-07:00,2025-04-09T20:42:38-07:00,0,15
style.css,159,css,67505467,RyanCao,2025-04-09,20:42:38,-07:00,2025-04-09T20:42:38-07:00,0,18
style.css,160,css,67505467,RyanCao,2025-04-09,20:42:38,-07:00,2025-04-09T20:42:38-07:00,0,12
style.css,161,css,67505467,RyanCao,2025-04-09,20:42:38,-07:00,2025-04-09T20:42:38-07:00,0,0
style.css,162,css,67505467,RyanCao,2025-04-09,20:42:38,-07:00,2025-04-09T20:42:38-07:00,0,0
style.css,163,css,67505467,RyanCao,2025-04-09,20:42:38,-07:00,2025-04-09T20:42:38-07:00,0,9
style.css,164,css,67505467,RyanCao,2025-04-09,20:42:38,-07:00,2025-04-09T20:42:38-07:00,0,13
style.css,165,css,67505467,RyanCao,2025-04-09,20:42:38,-07:00,2025-04-09T20:42:38-07:00,0,23
style.css,166,css,3d02ec3d,RyanCao,2025-04-25,21:06:16,-07:00,2025-04-25T21:06:16-07:00,0,8
style.css,167,css,67505467,RyanCao,2025-04-09,20:42:38,-07:00,2025-04-09T20:42:38-07:00,0,0
style.css,168,css,67505467,RyanCao,2025-04-09,20:42:38,-07:00,2025-04-09T20:42:38-07:00,0,0
style.css,169,css,67505467,RyanCao,2025-04-09,20:42:38,-07:00,2025-04-09T20:42:38-07:00,0,42
style.css,170,css,67505467,RyanCao,2025-04-09,20:42:38,-07:00,2025-04-09T20:42:38-07:00,0,20
style.css,171,css,67505467,RyanCao,2025-04-09,20:42:38,-07:00,2025-04-09T20:42:38-07:00,0,0
style.css,172,css,eeb053b6,RyanCao,2025-04-16,21:53:39,-07:00,2025-04-16T21:53:39-07:00,0,0
style.css,173,css,3d02ec3d,RyanCao,2025-04-25,21:06:16,-07:00,2025-04-25T21:06:16-07:00,0,14
style.css,174,css,3d02ec3d,RyanCao,2025-04-25,21:06:16,-07:00,2025-04-25T21:06:16-07:00,0,18
style.css,175,css,3d02ec3d,RyanCao,2025-04-25,21:06:16,-07:00,2025-04-25T21:06:16-07:00,0,9
style.css,176,css,3d02ec3d,RyanCao,2025-04-25,21:06:16,-07:00,2025-04-25T21:06:16-07:00,0,11
style.css,177,css,3d02ec3d,RyanCao,2025-04-25,21:06:16,-07:00,2025-04-25T21:06:16-07:00,0,14
style.css,178,css,87307935,RyanCao,2025-04-25,19:49:43,-07:00,2025-04-25T19:49:43-07:00,0,0
style.css,179,css,3d02ec3d,RyanCao,2025-04-25,21:06:16,-07:00,2025-04-25T21:06:16-07:00,0,0
style.css,180,css,67505467,RyanCao,2025-04-09,20:42:38,-07:00,2025-04-09T20:42:38-07:00,0,35
style.css,181,css,67505467,RyanCao,2025-04-09,20:42:38,-07:00,2025-04-09T20:42:38-07:00,0,11
style.css,182,css,67505467,RyanCao,2025-04-09,20:42:38,-07:00,2025-04-09T20:42:38-07:00,0,13
style.css,183,css,67505467,RyanCao,2025-04-09,20:42:38,-07:00,2025-04-09T20:42:38-07:00,0,30
style.css,184,css,67505467,RyanCao,2025-04-09,20:42:38,-07:00,2025-04-09T20:42:38-07:00,0,10
style.css,185,css,67505467,RyanCao,2025-04-09,20:42:38,-07:00,2025-04-09T20:42:38-07:00,0,0
style.css,186,css,67505467,RyanCao,2025-04-09,20:42:38,-07:00,2025-04-09T20:42:38-07:00,0,0
style.css,187,css,67505467,RyanCao,2025-04-09,20:42:38,-07:00,2025-04-09T20:42:38-07:00,0,14
style.css,188,css,67505467,RyanCao,2025-04-09,20:42:38,-07:00,2025-04-09T20:42:38-07:00,0,16
style.css,189,css,67505467,RyanCao,2025-04-09,20:42:38,-07:00,2025-04-09T20:42:38-07:00,0,0
style.css,190,css,67505467,RyanCao,2025-04-09,20:42:38,-07:00,2025-04-09T20:42:38-07:00,0,0
style.css,191,css,67505467,RyanCao,2025-04-09,20:42:38,-07:00,2025-04-09T20:42:38-07:00,0,21
style.css,192,css,67505467,RyanCao,2025-04-09,20:42:38,-07:00,2025-04-09T20:42:38-07:00,0,14
style.css,193,css,67505467,RyanCao,2025-04-09,20:42:38,-07:00,2025-04-09T20:42:38-07:00,0,0
style.css,194,css,eeb053b6,RyanCao,2025-04-16,21:53:39,-07:00,2025-04-16T21:53:39-07:00,0,41
style.css,195,css,eeb053b6,RyanCao,2025-04-16,21:53:39,-07:00,2025-04-16T21:53:39-07:00,0,14
style.css,196,css,eeb053b6,RyanCao,2025-04-16,21:53:39,-07:00,2025-04-16T21:53:39-07:00,0,18
style.css,197,css,eeb053b6,RyanCao,2025-04-16,21:53:39,-07:00,2025-04-16T21:53:39-07:00,0,9
style.css,198,css,eeb053b6,RyanCao,2025-04-16,21:53:39,-07:00,2025-04-16T21:53:39-07:00,0,11
style.css,199,css,eeb053b6,RyanCao,2025-04-16,21:53:39,-07:00,2025-04-16T21:53:39-07:00,0,14
style.css,200,css,eeb053b6,RyanCao,2025-04-16,21:53:39,-07:00,2025-04-16T21:53:39-07:00,0,20
style.css,201,css,eeb053b6,RyanCao,2025-04-16,21:53:39,-07:00,2025-04-16T21:53:39-07:00,0,0
style.css,202,css,eeb053b6,RyanCao,2025-04-16,21:53:39,-07:00,2025-04-16T21:53:39-07:00,0,0
style.css,203,css,eeb053b6,RyanCao,2025-04-16,21:53:39,-07:00,2025-04-16T21:53:39-07:00,0,21
style.css,204,css,eeb053b6,RyanCao,2025-04-16,21:53:39,-07:00,2025-04-16T21:53:39-07:00,0,13
style.css,205,css,eeb053b6,RyanCao,2025-04-16,21:53:39,-07:00,2025-04-16T21:53:39-07:00,0,0
style.css,206,css,c1141698,RyanCao,2025-04-25,19:15:55,-07:00,2025-04-25T19:15:55-07:00,0,30
style.css,207,css,c1141698,RyanCao,2025-04-25,19:15:55,-07:00,2025-04-25T19:15:55-07:00,0,15
style.css,208,css,c1141698,RyanCao,2025-04-25,19:15:55,-07:00,2025-04-25T19:15:55-07:00,0,16
style.css,209,css,c1141698,RyanCao,2025-04-25,19:15:55,-07:00,2025-04-25T19:15:55-07:00,0,13
style.css,210,css,87307935,RyanCao,2025-04-25,19:49:43,-07:00,2025-04-25T19:49:43-07:00,0,37
style.css,211,css,87307935,RyanCao,2025-04-25,19:49:43,-07:00,2025-04-25T19:49:43-07:00,0,35
style.css,212,css,c1141698,RyanCao,2025-04-25,19:15:55,-07:00,2025-04-25T19:15:55-07:00,0,16
style.css,213,css,c1141698,RyanCao,2025-04-25,19:15:55,-07:00,2025-04-25T19:15:55-07:00,0,19
style.css,214,css,87307935,RyanCao,2025-04-25,19:49:43,-07:00,2025-04-25T19:49:43-07:00,0,19
style.css,215,css,87307935,RyanCao,2025-04-25,19:49:43,-07:00,2025-04-25T19:49:43-07:00,0,37
style.css,216,css,87307935,RyanCao,2025-04-25,19:49:43,-07:00,2025-04-25T19:49:43-07:00,0,24
style.css,217,css,c1141698,RyanCao,2025-04-25,19:15:55,-07:00,2025-04-25T19:15:55-07:00,0,0
style.css,218,css,c1141698,RyanCao,2025-04-25,19:15:55,-07:00,2025-04-25T19:15:55-07:00,0,0
style.css,219,css,c1141698,RyanCao,2025-04-25,19:15:55,-07:00,2025-04-25T19:15:55-07:00,0,18
style.css,220,css,c1141698,RyanCao,2025-04-25,19:15:55,-07:00,2025-04-25T19:15:55-07:00,0,13
style.css,221,css,c1141698,RyanCao,2025-04-25,19:15:55,-07:00,2025-04-25T19:15:55-07:00,0,37
style.css,222,css,c1141698,RyanCao,2025-04-25,19:15:55,-07:00,2025-04-25T19:15:55-07:00,0,11
style.css,223,css,c1141698,RyanCao,2025-04-25,19:15:55,-07:00,2025-04-25T19:15:55-07:00,0,18
style.css,224,css,c1141698,RyanCao,2025-04-25,19:15:55,-07:00,2025-04-25T19:15:55-07:00,0,9
style.css,225,css,c1141698,RyanCao,2025-04-25,19:15:55,-07:00,2025-04-25T19:15:55-07:00,0,11
style.css,226,css,c1141698,RyanCao,2025-04-25,19:15:55,-07:00,2025-04-25T19:15:55-07:00,0,0
style.css,227,css,c1141698,RyanCao,2025-04-25,19:15:55,-07:00,2025-04-25T19:15:55-07:00,0,0
style.css,228,css,c1141698,RyanCao,2025-04-25,19:15:55,-07:00,2025-04-25T19:15:55-07:00,0,18
style.css,229,css,c1141698,RyanCao,2025-04-25,19:15:55,-07:00,2025-04-25T19:15:55-07:00,0,17
style.css,230,css,c1141698,RyanCao,2025-04-25,19:15:55,-07:00,2025-04-25T19:15:55-07:00,0,17
style.css,231,css,c1141698,RyanCao,2025-04-25,19:15:55,-07:00,2025-04-25T19:15:55-07:00,0,11
style.css,232,css,87307935,RyanCao,2025-04-25,19:49:43,-07:00,2025-04-25T19:49:43-07:00,0,26
style.css,233,css,c1141698,RyanCao,2025-04-25,19:15:55,-07:00,2025-04-25T19:15:55-07:00,0,0
style.css,234,css,c1141698,RyanCao,2025-04-25,19:15:55,-07:00,2025-04-25T19:15:55-07:00,0,0
style.css,235,css,c1141698,RyanCao,2025-04-25,19:15:55,-07:00,2025-04-25T19:15:55-07:00,0,18
style.css,236,css,c1141698,RyanCao,2025-04-25,19:15:55,-07:00,2025-04-25T19:15:55-07:00,0,9
style.css,237,css,c1141698,RyanCao,2025-04-25,19:15:55,-07:00,2025-04-25T19:15:55-07:00,0,17
style.css,238,css,c1141698,RyanCao,2025-04-25,19:15:55,-07:00,2025-04-25T19:15:55-07:00,0,17
style.css,239,css,c1141698,RyanCao,2025-04-25,19:15:55,-07:00,2025-04-25T19:15:55-07:00,0,11
style.css,240,css,87307935,RyanCao,2025-04-25,19:49:43,-07:00,2025-04-25T19:49:43-07:00,0,24
style.css,241,css,fb291a8e,RyanCao,2025-05-01,22:34:08,-07:00,2025-05-01T22:34:08-07:00,0,0
style.css,242,css,fb291a8e,RyanCao,2025-05-01,22:34:08,-07:00,2025-05-01T22:34:08-07:00,0,21
style.css,243,css,fb291a8e,RyanCao,2025-05-01,22:34:08,-07:00,2025-05-01T22:34:08-07:00,0,19
style.css,244,css,fb291a8e,RyanCao,2025-05-01,22:34:08,-07:00,2025-05-01T22:34:08-07:00,0,15
style.css,245,css,fb291a8e,RyanCao,2025-05-01,22:34:08,-07:00,2025-05-01T22:34:08-07:00,0,17
style.css,246,css,fb291a8e,RyanCao,2025-05-01,22:34:08,-07:00,2025-05-01T22:34:08-07:00,0,17
style.css,247,css,6bdfd11b,RyanCao,2025-05-02,18:04:09,-07:00,2025-05-02T18:04:09-07:00,0,13
style.css,248,css,fb291a8e,RyanCao,2025-05-01,22:34:08,-07:00,2025-05-01T22:34:08-07:00,0,0
style.css,249,css,fb291a8e,RyanCao,2025-05-01,22:34:08,-07:00,2025-05-01T22:34:08-07:00,0,17
style.css,250,css,fb291a8e,RyanCao,2025-05-01,22:34:08,-07:00,2025-05-01T22:34:08-07:00,0,13
style.css,251,css,fb291a8e,RyanCao,2025-05-01,22:34:08,-07:00,2025-05-01T22:34:08-07:00,0,19
style.css,252,css,fb291a8e,RyanCao,2025-05-01,22:34:08,-07:00,2025-05-01T22:34:08-07:00,0,9
style.css,253,css,fb291a8e,RyanCao,2025-05-01,22:34:08,-07:00,2025-05-01T22:34:08-07:00,0,0
style.css,254,css,fb291a8e,RyanCao,2025-05-01,22:34:08,-07:00,2025-05-01T22:34:08-07:00,0,8
style.css,255,css,6bdfd11b,RyanCao,2025-05-02,18:04:09,-07:00,2025-05-02T18:04:09-07:00,0,13
style.css,256,css,fb291a8e,RyanCao,2025-05-01,22:34:08,-07:00,2025-05-01T22:34:08-07:00,0,16
style.css,257,css,fb291a8e,RyanCao,2025-05-01,22:34:08,-07:00,2025-05-01T22:34:08-07:00,0,12
style.css,258,css,fb291a8e,RyanCao,2025-05-01,22:34:08,-07:00,2025-05-01T22:34:08-07:00,0,22
style.css,259,css,fb291a8e,RyanCao,2025-05-01,22:34:08,-07:00,2025-05-01T22:34:08-07:00,0,20
style.css,260,css,fb291a8e,RyanCao,2025-05-01,22:34:08,-07:00,2025-05-01T22:34:08-07:00,0,15
style.css,261,css,fb291a8e,RyanCao,2025-05-01,22:34:08,-07:00,2025-05-01T22:34:08-07:00,0,58
style.css,262,css,fb291a8e,RyanCao,2025-05-01,22:34:08,-07:00,2025-05-01T22:34:08-07:00,0,8
style.css,263,css,fb291a8e,RyanCao,2025-05-01,22:34:08,-07:00,2025-05-01T22:34:08-07:00,0,16
style.css,264,css,fb291a8e,RyanCao,2025-05-01,22:34:08,-07:00,2025-05-01T22:34:08-07:00,0,0
style.css,265,css,fb291a8e,RyanCao,2025-05-01,22:34:08,-07:00,2025-05-01T22:34:08-07:00,0,0
style.css,266,css,fb291a8e,RyanCao,2025-05-01,22:34:08,-07:00,2025-05-01T22:34:08-07:00,0,13
style.css,267,css,fb291a8e,RyanCao,2025-05-01,22:34:08,-07:00,2025-05-01T22:34:08-07:00,0,13
style.css,268,css,fb291a8e,RyanCao,2025-05-01,22:34:08,-07:00,2025-05-01T22:34:08-07:00,0,19
style.css,269,css,fb291a8e,RyanCao,2025-05-01,22:34:08,-07:00,2025-05-01T22:34:08-07:00,0,10
style.css,270,css,fb291a8e,RyanCao,2025-05-01,22:34:08,-07:00,2025-05-01T22:34:08-07:00,0,0
style.css,271,css,fb291a8e,RyanCao,2025-05-01,22:34:08,-07:00,2025-05-01T22:34:08-07:00,0,0
style.css,272,css,fb291a8e,RyanCao,2025-05-01,22:34:08,-07:00,2025-05-01T22:34:08-07:00,0,8
style.css,273,css,fb291a8e,RyanCao,2025-05-01,22:34:08,-07:00,2025-05-01T22:34:08-07:00,0,10
style.css,274,css,fb291a8e,RyanCao,2025-05-01,22:34:08,-07:00,2025-05-01T22:34:08-07:00,0,11
style.css,275,css,fb291a8e,RyanCao,2025-05-01,22:34:08,-07:00,2025-05-01T22:34:08-07:00,0,30
style.css,276,css,fb291a8e,RyanCao,2025-05-01,22:34:08,-07:00,2025-05-01T22:34:08-07:00,0,21
style.css,277,css,fb291a8e,RyanCao,2025-05-01,22:34:08,-07:00,2025-05-01T22:34:08-07:00,0,21
style.css,278,css,fb291a8e,RyanCao,2025-05-01,22:34:08,-07:00,2025-05-01T22:34:08-07:00,0,0
style.css,279,css,fb291a8e,RyanCao,2025-05-01,22:34:08,-07:00,2025-05-01T22:34:08-07:00,0,18
style.css,280,css,fb291a8e,RyanCao,2025-05-01,22:34:08,-07:00,2025-05-01T22:34:08-07:00,0,17
style.css,281,css,fb291a8e,RyanCao,2025-05-01,22:34:08,-07:00,2025-05-01T22:34:08-07:00,0,12
style.css,282,css,fb291a8e,RyanCao,2025-05-01,22:34:08,-07:00,2025-05-01T22:34:08-07:00,0,0
style.css,283,css,fb291a8e,RyanCao,2025-05-01,22:34:08,-07:00,2025-05-01T22:34:08-07:00,0,0
style.css,284,css,fb291a8e,RyanCao,2025-05-01,22:34:08,-07:00,2025-05-01T22:34:08-07:00,0,5
style.css,285,css,fb291a8e,RyanCao,2025-05-01,22:34:08,-07:00,2025-05-01T22:34:08-07:00,0,17
style.css,286,css,fb291a8e,RyanCao,2025-05-01,22:34:08,-07:00,2025-05-01T22:34:08-07:00,0,0
style.css,287,css,fb291a8e,RyanCao,2025-05-01,22:34:08,-07:00,2025-05-01T22:34:08-07:00,0,0
style.css,288,css,fb291a8e,RyanCao,2025-05-01,22:34:08,-07:00,2025-05-01T22:34:08-07:00,0,10
style.css,289,css,fb291a8e,RyanCao,2025-05-01,22:34:08,-07:00,2025-05-01T22:34:08-07:00,0,36
style.css,290,css,fb291a8e,RyanCao,2025-05-01,22:34:08,-07:00,2025-05-01T22:34:08-07:00,0,0
style.css,291,css,fb291a8e,RyanCao,2025-05-01,22:34:08,-07:00,2025-05-01T22:34:08-07:00,0,11
style.css,292,css,fb291a8e,RyanCao,2025-05-01,22:34:08,-07:00,2025-05-01T22:34:08-07:00,0,18
style.css,293,css,fb291a8e,RyanCao,2025-05-01,22:34:08,-07:00,2025-05-01T22:34:08-07:00,0,0
style.css,294,css,fb291a8e,RyanCao,2025-05-01,22:34:08,-07:00,2025-05-01T22:34:08-07:00,0,0
style.css,295,css,fb291a8e,RyanCao,2025-05-01,22:34:08,-07:00,2025-05-01T22:34:08-07:00,0,22
style.css,296,css,fb291a8e,RyanCao,2025-05-01,22:34:08,-07:00,2025-05-01T22:34:08-07:00,0,18
style.css,297,css,fb291a8e,RyanCao,2025-05-01,22:34:08,-07:00,2025-05-01T22:34:08-07:00,0,11
style.css,298,css,fb291a8e,RyanCao,2025-05-01,22:34:08,-07:00,2025-05-01T22:34:08-07:00,0,13
style.css,299,css,fb291a8e,RyanCao,2025-05-01,22:34:08,-07:00,2025-05-01T22:34:08-07:00,0,23
style.css,300,css,fb291a8e,RyanCao,2025-05-01,22:34:08,-07:00,2025-05-01T22:34:08-07:00,0,19
style.css,301,css,fb291a8e,RyanCao,2025-05-01,22:34:08,-07:00,2025-05-01T22:34:08-07:00,0,0
style.css,302,css,fb291a8e,RyanCao,2025-05-01,22:34:08,-07:00,2025-05-01T22:34:08-07:00,0,0
style.css,303,css,fb291a8e,RyanCao,2025-05-01,22:34:08,-07:00,2025-05-01T22:34:08-07:00,0,11
style.css,304,css,fb291a8e,RyanCao,2025-05-01,22:34:08,-07:00,2025-05-01T22:34:08-07:00,0,11
style.css,305,css,fb291a8e,RyanCao,2025-05-01,22:34:08,-07:00,2025-05-01T22:34:08-07:00,0,12
style.css,306,css,fb291a8e,RyanCao,2025-05-01,22:34:08,-07:00,2025-05-01T22:34:08-07:00,0,15
style.css,307,css,fb291a8e,RyanCao,2025-05-01,22:34:08,-07:00,2025-05-01T22:34:08-07:00,0,15
style.css,308,css,fb291a8e,RyanCao,2025-05-01,22:34:08,-07:00,2025-05-01T22:34:08-07:00,0,25
style.css,309,css,fb291a8e,RyanCao,2025-05-01,22:34:08,-07:00,2025-05-01T22:34:08-07:00,0,19
style.css,310,css,fb291a8e,RyanCao,2025-05-01,22:34:08,-07:00,2025-05-01T22:34:08-07:00,0,40
style.css,311,css,fb291a8e,RyanCao,2025-05-01,22:34:08,-07:00,2025-05-01T22:34:08-07:00,0,0
style.css,312,css,1a51af8f,RyanCao,2025-05-05,23:38:17,-07:00,2025-05-05T23:38:17-07:00,0,21
style.css,313,css,1a51af8f,RyanCao,2025-05-05,23:38:17,-07:00,2025-05-05T23:38:17-07:00,0,7
style.css,314,css,1a51af8f,RyanCao,2025-05-05,23:38:17,-07:00,2025-05-05T23:38:17-07:00,0,11
style.css,315,css,1a51af8f,RyanCao,2025-05-05,23:38:17,-07:00,2025-05-05T23:38:17-07:00,0,15
style.css,316,css,1a51af8f,RyanCao,2025-05-05,23:38:17,-07:00,2025-05-05T23:38:17-07:00,0,13
style.css,317,css,1a51af8f,RyanCao,2025-05-05,23:38:17,-07:00,2025-05-05T23:38:17-07:00,0,16
style.css,318,css,1a51af8f,RyanCao,2025-05-05,23:38:17,-07:00,2025-05-05T23:38:17-07:00,0,10
style.css,319,css,1a51af8f,RyanCao,2025-05-05,23:38:17,-07:00,2025-05-05T23:38:17-07:00,0,0
style.css,320,css,1a51af8f,RyanCao,2025-05-05,23:38:17,-07:00,2025-05-05T23:38:17-07:00,0,0
style.css,321,css,1a51af8f,RyanCao,2025-05-05,23:38:17,-07:00,2025-05-05T23:38:17-07:00,0,10
style.css,322,css,1a51af8f,RyanCao,2025-05-05,23:38:17,-07:00,2025-05-05T23:38:17-07:00,0,13
style.css,323,css,1a51af8f,RyanCao,2025-05-05,23:38:17,-07:00,2025-05-05T23:38:17-07:00,0,16
style.css,324,css,1a51af8f,RyanCao,2025-05-05,23:38:17,-07:00,2025-05-05T23:38:17-07:00,0,14
style.css,325,css,1a51af8f,RyanCao,2025-05-05,23:38:17,-07:00,2025-05-05T23:38:17-07:00,0,11
style.css,326,css,1a51af8f,RyanCao,2025-05-05,23:38:17,-07:00,2025-05-05T23:38:17-07:00,0,0
style.css,327,css,1a51af8f,RyanCao,2025-05-05,23:38:17,-07:00,2025-05-05T23:38:17-07:00,0,0
style.css,328,css,1a51af8f,RyanCao,2025-05-05,23:38:17,-07:00,2025-05-05T23:38:17-07:00,0,10
style.css,329,css,1a51af8f,RyanCao,2025-05-05,23:38:17,-07:00,2025-05-05T23:38:17-07:00,0,16
style.css,330,css,1a51af8f,RyanCao,2025-05-05,23:38:17,-07:00,2025-05-05T23:38:17-07:00,0,14
style.css,331,css,1a51af8f,RyanCao,2025-05-05,23:38:17,-07:00,2025-05-05T23:38:17-07:00,0,17
style.css,332,css,1a51af8f,RyanCao,2025-05-05,23:38:17,-07:00,2025-05-05T23:38:17-07:00,0,25
style.css,333,css,1a51af8f,RyanCao,2025-05-05,23:38:17,-07:00,2025-05-05T23:38:17-07:00,0,11
style.css,334,css,1a51af8f,RyanCao,2025-05-05,23:38:17,-07:00,2025-05-05T23:38:17-07:00,0,16
style.css,335,css,1a51af8f,RyanCao,2025-05-05,23:38:17,-07:00,2025-05-05T23:38:17-07:00,0,0
style.css,336,css,1a51af8f,RyanCao,2025-05-05,23:38:17,-07:00,2025-05-05T23:38:17-07:00,0,10
style.css,337,css,1a51af8f,RyanCao,2025-05-05,23:38:17,-07:00,2025-05-05T23:38:17-07:00,0,14
style.css,338,css,1a51af8f,RyanCao,2025-05-05,23:38:17,-07:00,2025-05-05T23:38:17-07:00,0,9
style.css,339,css,1a51af8f,RyanCao,2025-05-05,23:38:17,-07:00,2025-05-05T23:38:17-07:00,0,11
style.css,340,css,1a51af8f,RyanCao,2025-05-05,23:38:17,-07:00,2025-05-05T23:38:17-07:00,0,16
style.css,341,css,8b7d8858,RyanCao,2025-05-06,12:34:02,-07:00,2025-05-06T12:34:02-07:00,0,0
style.css,342,css,8b7d8858,RyanCao,2025-05-06,12:34:02,-07:00,2025-05-06T12:34:02-07:00,0,7
style.css,343,css,8b7d8858,RyanCao,2025-05-06,12:34:02,-07:00,2025-05-06T12:34:02-07:00,0,17
style.css,344,css,8b7d8858,RyanCao,2025-05-06,12:34:02,-07:00,2025-05-06T12:34:02-07:00,0,24
style.css,345,css,8b7d8858,RyanCao,2025-05-06,12:34:02,-07:00,2025-05-06T12:34:02-07:00,0,23
style.css,346,css,8b7d8858,RyanCao,2025-05-06,12:34:02,-07:00,2025-05-06T12:34:02-07:00,0,0
style.css,347,css,8b7d8858,RyanCao,2025-05-06,12:34:02,-07:00,2025-05-06T12:34:02-07:00,0,0
style.css,348,css,8b7d8858,RyanCao,2025-05-06,12:34:02,-07:00,2025-05-06T12:34:02-07:00,0,13
style.css,349,css,8b7d8858,RyanCao,2025-05-06,12:34:02,-07:00,2025-05-06T12:34:02-07:00,0,21
style.css,350,css,8b7d8858,RyanCao,2025-05-06,12:34:02,-07:00,2025-05-06T12:34:02-07:00,0,0
style.css,351,css,8b7d8858,RyanCao,2025-05-06,12:34:02,-07:00,2025-05-06T12:34:02-07:00,0,8
style.css,352,css,8b7d8858,RyanCao,2025-05-06,12:34:02,-07:00,2025-05-06T12:34:02-07:00,0,13
style.css,353,css,8b7d8858,RyanCao,2025-05-06,12:34:02,-07:00,2025-05-06T12:34:02-07:00,0,39
style.css,354,css,8b7d8858,RyanCao,2025-05-06,12:34:02,-07:00,2025-05-06T12:34:02-07:00,0,17
style.css,355,css,8b7d8858,RyanCao,2025-05-06,12:34:02,-07:00,2025-05-06T12:34:02-07:00,0,9
style.css,356,css,8b7d8858,RyanCao,2025-05-06,12:34:02,-07:00,2025-05-06T12:34:02-07:00,0,19
style.css,357,css,8b7d8858,RyanCao,2025-05-06,12:34:02,-07:00,2025-05-06T12:34:02-07:00,0,16
style.css,358,css,8b7d8858,RyanCao,2025-05-06,12:34:02,-07:00,2025-05-06T12:34:02-07:00,0,42
style.css,359,css,8b7d8858,RyanCao,2025-05-06,12:34:02,-07:00,2025-05-06T12:34:02-07:00,0,18
style.css,360,css,8b7d8858,RyanCao,2025-05-06,12:34:02,-07:00,2025-05-06T12:34:02-07:00,0,42
style.css,361,css,8b7d8858,RyanCao,2025-05-06,12:34:02,-07:00,2025-05-06T12:34:02-07:00,0,26
style.css,362,css,8b7d8858,RyanCao,2025-05-06,12:34:02,-07:00,2025-05-06T12:34:02-07:00,0,16
style.css,363,css,8b7d8858,RyanCao,2025-05-06,12:34:02,-07:00,2025-05-06T12:34:02-07:00,0,20
style.css,364,css,8b7d8858,RyanCao,2025-05-06,12:34:02,-07:00,2025-05-06T12:34:02-07:00,0,15
style.css,365,css,8b7d8858,RyanCao,2025-05-06,12:34:02,-07:00,2025-05-06T12:34:02-07:00,0,8
style.css,366,css,8b7d8858,RyanCao,2025-05-06,12:34:02,-07:00,2025-05-06T12:34:02-07:00,0,9
style.css,367,css,8b7d8858,RyanCao,2025-05-06,12:34:02,-07:00,2025-05-06T12:34:02-07:00,0,13
style.css,368,css,8b7d8858,RyanCao,2025-05-06,12:34:02,-07:00,2025-05-06T12:34:02-07:00,0,26
style.css,369,css,8b7d8858,RyanCao,2025-05-06,12:34:02,-07:00,2025-05-06T12:34:02-07:00,0,40
style.css,370,css,8b7d8858,RyanCao,2025-05-06,12:34:02,-07:00,2025-05-06T12:34:02-07:00,0,0
style.css,371,css,8b7d8858,RyanCao,2025-05-06,12:34:02,-07:00,2025-05-06T12:34:02-07:00,0,11
style.css,372,css,8b7d8858,RyanCao,2025-05-06,12:34:02,-07:00,2025-05-06T12:34:02-07:00,0,17
style.css,373,css,8b7d8858,RyanCao,2025-05-06,12:34:02,-07:00,2025-05-06T12:34:02-07:00,0,11
style.css,374,css,8b7d8858,RyanCao,2025-05-06,12:34:02,-07:00,2025-05-06T12:34:02-07:00,0,9
style.css,375,css,8b7d8858,RyanCao,2025-05-06,12:34:02,-07:00,2025-05-06T12:34:02-07:00,0,0
style.css,376,css,8b7d8858,RyanCao,2025-05-06,12:34:02,-07:00,2025-05-06T12:34:02-07:00,0,0
style.css,377,css,8b7d8858,RyanCao,2025-05-06,12:34:02,-07:00,2025-05-06T12:34:02-07:00,0,11
style.css,378,css,8b7d8858,RyanCao,2025-05-06,12:34:02,-07:00,2025-05-06T12:34:02-07:00,0,9
style.css,379,css,8b7d8858,RyanCao,2025-05-06,12:34:02,-07:00,2025-05-06T12:34:02-07:00,0,0
style.css,380,css,8b7d8858,RyanCao,2025-05-06,12:34:02,-07:00,2025-05-06T12:34:02-07:00,0,0
style.css,381,css,8b7d8858,RyanCao,2025-05-06,12:34:02,-07:00,2025-05-06T12:34:02-07:00,0,43
style.css,382,css,8b7d8858,RyanCao,2025-05-06,12:34:02,-07:00,2025-05-06T12:34:02-07:00,0,10
style.css,383,css,8b7d8858,RyanCao,2025-05-06,12:34:02,-07:00,2025-05-06T12:34:02-07:00,0,18
style.css,384,css,8b7d8858,RyanCao,2025-05-06,12:34:02,-07:00,2025-05-06T12:34:02-07:00,0,0
index.js,1,js,d559e687,RyanCao,2025-04-25,20:27:50,-07:00,2025-04-25T20:27:50-07:00,0,72
index.js,2,js,d1e340fa,RyanCao,2025-04-25,19:04:45,-07:00,2025-04-25T19:04:45-07:00,0,0
index.js,3,js,c4c63ac3,RyanCao,2025-04-25,20:11:07,-07:00,2025-04-25T20:11:07-07:00,0,66
index.js,4,js,d1e340fa,RyanCao,2025-04-25,19:04:45,-07:00,2025-04-25T19:04:45-07:00,0,43
index.js,5,js,d1e340fa,RyanCao,2025-04-25,19:04:45,-07:00,2025-04-25T19:04:45-07:00,0,61
index.js,6,js,c6fa5385,RyanCao,2025-04-25,19:45:16,-07:00,2025-04-25T19:45:16-07:00,0,23
index.js,7,js,c6fa5385,RyanCao,2025-04-25,19:45:16,-07:00,2025-04-25T19:45:16-07:00,0,55
index.js,8,js,c6fa5385,RyanCao,2025-04-25,19:45:16,-07:00,2025-04-25T19:45:16-07:00,0,0
index.js,9,js,d1e340fa,RyanCao,2025-04-25,19:04:45,-07:00,2025-04-25T19:04:45-07:00,0,0
index.js,10,js,d4dc3e62,RyanCao,2025-04-25,21:21:08,-07:00,2025-04-25T21:21:08-07:00,0,55
index.js,11,js,d1e340fa,RyanCao,2025-04-25,19:04:45,-07:00,2025-04-25T19:04:45-07:00,0,61
index.js,12,js,d1e340fa,RyanCao,2025-04-25,19:04:45,-07:00,2025-04-25T19:04:45-07:00,0,18
index.js,13,js,d1e340fa,RyanCao,2025-04-25,19:04:45,-07:00,2025-04-25T19:04:45-07:00,0,25
index.js,14,js,d1e340fa,RyanCao,2025-04-25,19:04:45,-07:00,2025-04-25T19:04:45-07:00,0,3
index.js,15,js,d1e340fa,RyanCao,2025-04-25,19:04:45,-07:00,2025-04-25T19:04:45-07:00,0,50
index.js,16,js,d1e340fa,RyanCao,2025-04-25,19:04:45,-07:00,2025-04-25T19:04:45-07:00,0,50
index.js,17,js,59c6eb99,RyanCao,2025-04-25,19:28:59,-07:00,2025-04-25T19:28:59-07:00,0,56
index.js,18,js,59c6eb99,RyanCao,2025-04-25,19:28:59,-07:00,2025-04-25T19:28:59-07:00,0,56
index.js,19,js,59c6eb99,RyanCao,2025-04-25,19:28:59,-07:00,2025-04-25T19:28:59-07:00,0,0
index.js,20,js,d1e340fa,RyanCao,2025-04-25,19:04:45,-07:00,2025-04-25T19:04:45-07:00,0,4
index.js,21,js,d1e340fa,RyanCao,2025-04-25,19:04:45,-07:00,2025-04-25T19:04:45-07:00,0,1
index.js,22,js,d1e340fa,RyanCao,2025-04-25,19:04:45,-07:00,2025-04-25T19:04:45-07:00,0,0
index.html,1,html,f1af066f,RyanCao,2025-04-03,22:01:04,-07:00,2025-04-03T22:01:04-07:00,0,14
index.html,2,html,a26453b4,RyanCao,2025-04-17,00:10:38,-07:00,2025-04-17T00:10:38-07:00,0,28
index.html,3,html,f1af066f,RyanCao,2025-04-03,22:01:04,-07:00,2025-04-03T22:01:04-07:00,0,5
index.html,4,html,f1af066f,RyanCao,2025-04-03,22:01:04,-07:00,2025-04-03T22:01:04-07:00,0,21
index.html,5,html,f1af066f,RyanCao,2025-04-03,22:01:04,-07:00,2025-04-03T22:01:04-07:00,0,69
index.html,6,html,f1af066f,RyanCao,2025-04-03,22:01:04,-07:00,2025-04-03T22:01:04-07:00,0,51
index.html,7,html,6054fc6c,RyanCao,2025-04-04,14:29:27,-07:00,2025-04-04T14:29:27-07:00,0,39
index.html,8,html,3d02ec3d,RyanCao,2025-04-25,21:06:16,-07:00,2025-04-25T21:06:16-07:00,0,46
index.html,9,html,3d02ec3d,RyanCao,2025-04-25,21:06:16,-07:00,2025-04-25T21:06:16-07:00,0,53
index.html,10,html,d1e340fa,RyanCao,2025-04-25,19:04:45,-07:00,2025-04-25T19:04:45-07:00,0,0
index.html,11,html,f1af066f,RyanCao,2025-04-03,22:01:04,-07:00,2025-04-03T22:01:04-07:00,0,6
index.html,12,html,f1af066f,RyanCao,2025-04-03,22:01:04,-07:00,2025-04-03T22:01:04-07:00,0,5
index.html,13,html,f1af066f,RyanCao,2025-04-03,22:01:04,-07:00,2025-04-03T22:01:04-07:00,0,16
index.html,14,html,1fbe031a,RyanCao,2025-04-04,14:32:29,-07:00,2025-04-04T14:32:29-07:00,0,0
index.html,15,html,59139f9a,RyanCao,2025-04-04,14:13:14,-07:00,2025-04-04T14:13:14-07:00,0,77
index.html,16,html,f1af066f,RyanCao,2025-04-03,22:01:04,-07:00,2025-04-03T22:01:04-07:00,0,186
index.html,17,html,59c6eb99,RyanCao,2025-04-25,19:28:59,-07:00,2025-04-25T19:28:59-07:00,0,0
index.html,18,html,6efddefc,RyanCao,2025-04-25,19:41:09,-07:00,2025-04-25T19:41:09-07:00,0,0
index.html,19,html,2ef5a2c7,RyanCao,2025-04-25,19:09:19,-07:00,2025-04-25T19:09:19-07:00,0,23
index.html,20,html,c6fa5385,RyanCao,2025-04-25,19:45:16,-07:00,2025-04-25T19:45:16-07:00,0,27
index.html,21,html,2ef5a2c7,RyanCao,2025-04-25,19:09:19,-07:00,2025-04-25T19:09:19-07:00,0,0
index.html,22,html,c6fa5385,RyanCao,2025-04-25,19:45:16,-07:00,2025-04-25T19:45:16-07:00,0,26
index.html,23,html,c6fa5385,RyanCao,2025-04-25,19:45:16,-07:00,2025-04-25T19:45:16-07:00,0,29
index.html,24,html,f1af066f,RyanCao,2025-04-03,22:01:04,-07:00,2025-04-03T22:01:04-07:00,0,6
index.html,25,html,f1af066f,RyanCao,2025-04-03,22:01:04,-07:00,2025-04-03T22:01:04-07:00,0,6
global.js,1,js,eeb053b6,RyanCao,2025-04-16,21:53:39,-07:00,2025-04-16T21:53:39-07:00,0,26
global.js,2,js,eeb053b6,RyanCao,2025-04-16,21:53:39,-07:00,2025-04-16T21:53:39-07:00,0,42
global.js,3,js,eeb053b6,RyanCao,2025-04-16,21:53:39,-07:00,2025-04-16T21:53:39-07:00,0,53
global.js,4,js,eeb053b6,RyanCao,2025-04-16,21:53:39,-07:00,2025-04-16T21:53:39-07:00,0,0
global.js,5,js,eeb053b6,RyanCao,2025-04-16,21:53:39,-07:00,2025-04-16T21:53:39-07:00,0,0
global.js,6,js,eeb053b6,RyanCao,2025-04-16,21:53:39,-07:00,2025-04-16T21:53:39-07:00,0,12
global.js,7,js,eeb053b6,RyanCao,2025-04-16,21:53:39,-07:00,2025-04-16T21:53:39-07:00,0,26
global.js,8,js,eeb053b6,RyanCao,2025-04-16,21:53:39,-07:00,2025-04-16T21:53:39-07:00,0,38
global.js,9,js,eeb053b6,RyanCao,2025-04-16,21:53:39,-07:00,2025-04-16T21:53:39-07:00,0,34
global.js,10,js,eeb053b6,RyanCao,2025-04-16,21:53:39,-07:00,2025-04-16T21:53:39-07:00,0,36
global.js,11,js,705b324f,RyanCao,2025-05-05,22:24:06,-07:00,2025-05-05T22:24:06-07:00,0,59
global.js,12,js,705b324f,RyanCao,2025-05-05,22:24:06,-07:00,2025-05-05T22:24:06-07:00,0,29
global.js,13,js,eeb053b6,RyanCao,2025-04-16,21:53:39,-07:00,2025-04-16T21:53:39-07:00,0,1
global.js,14,js,eeb053b6,RyanCao,2025-04-16,21:53:39,-07:00,2025-04-16T21:53:39-07:00,0,0
global.js,15,js,eeb053b6,RyanCao,2025-04-16,21:53:39,-07:00,2025-04-16T21:53:39-07:00,0,39
global.js,16,js,eeb053b6,RyanCao,2025-04-16,21:53:39,-07:00,2025-04-16T21:53:39-07:00,0,26
global.js,17,js,eeb053b6,RyanCao,2025-04-16,21:53:39,-07:00,2025-04-16T21:53:39-07:00,0,0
global.js,18,js,eeb053b6,RyanCao,2025-04-16,21:53:39,-07:00,2025-04-16T21:53:39-07:00,0,21
global.js,19,js,3a37dd29,RyanCao,2025-04-16,22:07:12,-07:00,2025-04-16T22:07:12-07:00,0,67
global.js,20,js,eeb053b6,RyanCao,2025-04-16,21:53:39,-07:00,2025-04-16T21:53:39-07:00,0,15
global.js,21,js,3782d9fb,RyanCao,2025-04-17,00:03:49,-07:00,2025-04-17T00:03:49-07:00,0,29
global.js,22,js,4acadcb7,RyanCao,2025-04-17,00:01:06,-07:00,2025-04-17T00:01:06-07:00,0,12
global.js,23,js,3782d9fb,RyanCao,2025-04-17,00:03:49,-07:00,2025-04-17T00:03:49-07:00,0,17
global.js,24,js,4acadcb7,RyanCao,2025-04-17,00:01:06,-07:00,2025-04-17T00:01:06-07:00,0,0
global.js,25,js,eeb053b6,RyanCao,2025-04-16,21:53:39,-07:00,2025-04-16T21:53:39-07:00,0,0
global.js,26,js,eeb053b6,RyanCao,2025-04-16,21:53:39,-07:00,2025-04-16T21:53:39-07:00,0,35
global.js,27,js,fc5a9a73,RyanCao,2025-04-16,22:26:47,-07:00,2025-04-16T22:26:47-07:00,0,19
global.js,28,js,eeb053b6,RyanCao,2025-04-16,21:53:39,-07:00,2025-04-16T21:53:39-07:00,0,12
global.js,29,js,fc5a9a73,RyanCao,2025-04-16,22:26:47,-07:00,2025-04-16T22:26:47-07:00,0,20
global.js,30,js,3a37dd29,RyanCao,2025-04-16,22:07:12,-07:00,2025-04-16T22:07:12-07:00,0,66
global.js,31,js,3a37dd29,RyanCao,2025-04-16,22:07:12,-07:00,2025-04-16T22:07:12-07:00,0,26
global.js,32,js,3a37dd29,RyanCao,2025-04-16,22:07:12,-07:00,2025-04-16T22:07:12-07:00,0,0
global.js,33,js,3a37dd29,RyanCao,2025-04-16,22:07:12,-07:00,2025-04-16T22:07:12-07:00,0,30
global.js,34,js,3a37dd29,RyanCao,2025-04-16,22:07:12,-07:00,2025-04-16T22:07:12-07:00,0,19
global.js,35,js,3a37dd29,RyanCao,2025-04-16,22:07:12,-07:00,2025-04-16T22:07:12-07:00,0,0
global.js,36,js,eeb053b6,RyanCao,2025-04-16,21:53:39,-07:00,2025-04-16T21:53:39-07:00,0,13
global.js,37,js,eeb053b6,RyanCao,2025-04-16,21:53:39,-07:00,2025-04-16T21:53:39-07:00,0,0
global.js,38,js,eeb053b6,RyanCao,2025-04-16,21:53:39,-07:00,2025-04-16T21:53:39-07:00,0,32
global.js,39,js,eeb053b6,RyanCao,2025-04-16,21:53:39,-07:00,2025-04-16T21:53:39-07:00,0,12
global.js,40,js,eeb053b6,RyanCao,2025-04-16,21:53:39,-07:00,2025-04-16T21:53:39-07:00,0,0
global.js,41,js,eeb053b6,RyanCao,2025-04-16,21:53:39,-07:00,2025-04-16T21:53:39-07:00,0,27
global.js,42,js,eeb053b6,RyanCao,2025-04-16,21:53:39,-07:00,2025-04-16T21:53:39-07:00,0,5
global.js,43,js,eeb053b6,RyanCao,2025-04-16,21:53:39,-07:00,2025-04-16T21:53:39-07:00,0,7
global.js,44,js,eeb053b6,RyanCao,2025-04-16,21:53:39,-07:00,2025-04-16T21:53:39-07:00,0,44
global.js,45,js,eeb053b6,RyanCao,2025-04-16,21:53:39,-07:00,2025-04-16T21:53:39-07:00,0,35
global.js,46,js,eeb053b6,RyanCao,2025-04-16,21:53:39,-07:00,2025-04-16T21:53:39-07:00,0,33
global.js,47,js,eeb053b6,RyanCao,2025-04-16,21:53:39,-07:00,2025-04-16T21:53:39-07:00,0,8
global.js,48,js,eeb053b6,RyanCao,2025-04-16,21:53:39,-07:00,2025-04-16T21:53:39-07:00,0,7
global.js,49,js,eeb053b6,RyanCao,2025-04-16,21:53:39,-07:00,2025-04-16T21:53:39-07:00,0,0
global.js,50,js,eeb053b6,RyanCao,2025-04-16,21:53:39,-07:00,2025-04-16T21:53:39-07:00,0,1
global.js,51,js,eeb053b6,RyanCao,2025-04-16,21:53:39,-07:00,2025-04-16T21:53:39-07:00,0,61
global.js,52,js,eeb053b6,RyanCao,2025-04-16,21:53:39,-07:00,2025-04-16T21:53:39-07:00,0,31
global.js,53,js,eeb053b6,RyanCao,2025-04-16,21:53:39,-07:00,2025-04-16T21:53:39-07:00,0,65
global.js,54,js,eeb053b6,RyanCao,2025-04-16,21:53:39,-07:00,2025-04-16T21:53:39-07:00,0,32
global.js,55,js,eeb053b6,RyanCao,2025-04-16,21:53:39,-07:00,2025-04-16T21:53:39-07:00,0,20
global.js,56,js,eeb053b6,RyanCao,2025-04-16,21:53:39,-07:00,2025-04-16T21:53:39-07:00,0,0
global.js,57,js,eeb053b6,RyanCao,2025-04-16,21:53:39,-07:00,2025-04-16T21:53:39-07:00,0,35
global.js,58,js,eeb053b6,RyanCao,2025-04-16,21:53:39,-07:00,2025-04-16T21:53:39-07:00,0,40
global.js,59,js,eeb053b6,RyanCao,2025-04-16,21:53:39,-07:00,2025-04-16T21:53:39-07:00,0,0
global.js,60,js,eeb053b6,RyanCao,2025-04-16,21:53:39,-07:00,2025-04-16T21:53:39-07:00,0,50
global.js,61,js,eeb053b6,RyanCao,2025-04-16,21:53:39,-07:00,2025-04-16T21:53:39-07:00,0,34
global.js,62,js,d1e340fa,RyanCao,2025-04-25,19:04:45,-07:00,2025-04-25T19:04:45-07:00,0,2
global.js,63,js,d1e340fa,RyanCao,2025-04-25,19:04:45,-07:00,2025-04-25T19:04:45-07:00,0,25
global.js,64,js,d1e340fa,RyanCao,2025-04-25,19:04:45,-07:00,2025-04-25T19:04:45-07:00,0,37
global.js,65,js,9deb3e9d,RyanCao,2025-04-25,20:20:12,-07:00,2025-04-25T20:20:12-07:00,0,33
global.js,66,js,9deb3e9d,RyanCao,2025-04-25,20:20:12,-07:00,2025-04-25T20:20:12-07:00,0,18
global.js,67,js,9deb3e9d,RyanCao,2025-04-25,20:20:12,-07:00,2025-04-25T20:20:12-07:00,0,58
global.js,68,js,d1e340fa,RyanCao,2025-04-25,19:04:45,-07:00,2025-04-25T19:04:45-07:00,0,0
global.js,69,js,9deb3e9d,RyanCao,2025-04-25,20:20:12,-07:00,2025-04-25T20:20:12-07:00,0,34
global.js,70,js,9deb3e9d,RyanCao,2025-04-25,20:20:12,-07:00,2025-04-25T20:20:12-07:00,0,11
global.js,71,js,d1e340fa,RyanCao,2025-04-25,19:04:45,-07:00,2025-04-25T19:04:45-07:00,0,0
global.js,72,js,9deb3e9d,RyanCao,2025-04-25,20:20:12,-07:00,2025-04-25T20:20:12-07:00,0,0
global.js,73,js,9deb3e9d,RyanCao,2025-04-25,20:20:12,-07:00,2025-04-25T20:20:12-07:00,0,73
global.js,74,js,9deb3e9d,RyanCao,2025-04-25,20:20:12,-07:00,2025-04-25T20:20:12-07:00,0,24
global.js,75,js,9deb3e9d,RyanCao,2025-04-25,20:20:12,-07:00,2025-04-25T20:20:12-07:00,0,30
global.js,76,js,d1e340fa,RyanCao,2025-04-25,19:04:45,-07:00,2025-04-25T19:04:45-07:00,0,49
global.js,77,js,d1e340fa,RyanCao,2025-04-25,19:04:45,-07:00,2025-04-25T19:04:45-07:00,0,20
global.js,78,js,9deb3e9d,RyanCao,2025-04-25,20:20:12,-07:00,2025-04-25T20:20:12-07:00,0,50
global.js,79,js,d1e340fa,RyanCao,2025-04-25,19:04:45,-07:00,2025-04-25T19:04:45-07:00,0,50
global.js,80,js,fb291a8e,RyanCao,2025-05-01,22:34:08,-07:00,2025-05-01T22:34:08-07:00,0,4
global.js,81,js,fb291a8e,RyanCao,2025-05-01,22:34:08,-07:00,2025-05-01T22:34:08-07:00,0,28
global.js,82,js,fb291a8e,RyanCao,2025-05-01,22:34:08,-07:00,2025-05-01T22:34:08-07:00,0,66
global.js,83,js,fb291a8e,RyanCao,2025-05-01,22:34:08,-07:00,2025-05-01T22:34:08-07:00,0,5
global.js,84,js,fb291a8e,RyanCao,2025-05-01,22:34:08,-07:00,2025-05-01T22:34:08-07:00,0,0
global.js,85,js,9deb3e9d,RyanCao,2025-04-25,20:20:12,-07:00,2025-04-25T20:20:12-07:00,0,1
global.js,86,js,9deb3e9d,RyanCao,2025-04-25,20:20:12,-07:00,2025-04-25T20:20:12-07:00,0,30
global.js,87,js,9deb3e9d,RyanCao,2025-04-25,20:20:12,-07:00,2025-04-25T20:20:12-07:00,0,0
global.js,88,js,d1e340fa,RyanCao,2025-04-25,19:04:45,-07:00,2025-04-25T19:04:45-07:00,0,0
global.js,89,js,d559e687,RyanCao,2025-04-25,20:27:50,-07:00,2025-04-25T20:27:50-07:00,0,48
global.js,90,js,9deb3e9d,RyanCao,2025-04-25,20:20:12,-07:00,2025-04-25T20:20:12-07:00,0,60
global.js,91,js,d559e687,RyanCao,2025-04-25,20:27:50,-07:00,2025-04-25T20:27:50-07:00,0,0
resume/index.html,1,html,789c412d,RyanCao,2025-04-04,14:55:42,-07:00,2025-04-04T14:55:42-07:00,0,14
resume/index.html,2,html,789c412d,RyanCao,2025-04-04,14:55:42,-07:00,2025-04-04T14:55:42-07:00,0,15
resume/index.html,3,html,789c412d,RyanCao,2025-04-04,14:55:42,-07:00,2025-04-04T14:55:42-07:00,0,5
resume/index.html,4,html,789c412d,RyanCao,2025-04-04,14:55:42,-07:00,2025-04-04T14:55:42-07:00,0,23
resume/index.html,5,html,789c412d,RyanCao,2025-04-04,14:55:42,-07:00,2025-04-04T14:55:42-07:00,0,71
resume/index.html,6,html,789c412d,RyanCao,2025-04-04,14:55:42,-07:00,2025-04-04T14:55:42-07:00,0,20
resume/index.html,7,html,bb566a66,RyanCao,2025-04-04,18:30:05,-07:00,2025-04-04T18:30:05-07:00,0,44
resume/index.html,8,html,fadaa04b,RyanCao,2025-04-16,22:16:10,-07:00,2025-04-16T22:16:10-07:00,0,49
resume/index.html,9,html,789c412d,RyanCao,2025-04-04,14:55:42,-07:00,2025-04-04T14:55:42-07:00,0,6
resume/index.html,10,html,789c412d,RyanCao,2025-04-04,14:55:42,-07:00,2025-04-04T14:55:42-07:00,0,5
resume/index.html,11,html,789c412d,RyanCao,2025-04-04,14:55:42,-07:00,2025-04-04T14:55:42-07:00,0,0
resume/index.html,12,html,789c412d,RyanCao,2025-04-04,14:55:42,-07:00,2025-04-04T14:55:42-07:00,0,14
resume/index.html,13,html,789c412d,RyanCao,2025-04-04,14:55:42,-07:00,2025-04-04T14:55:42-07:00,0,0
resume/index.html,14,html,789c412d,RyanCao,2025-04-04,14:55:42,-07:00,2025-04-04T14:55:42-07:00,0,8
resume/index.html,15,html,789c412d,RyanCao,2025-04-04,14:55:42,-07:00,2025-04-04T14:55:42-07:00,0,17
resume/index.html,16,html,789c412d,RyanCao,2025-04-04,14:55:42,-07:00,2025-04-04T14:55:42-07:00,0,8
resume/index.html,17,html,789c412d,RyanCao,2025-04-04,14:55:42,-07:00,2025-04-04T14:55:42-07:00,0,90
resume/index.html,18,html,789c412d,RyanCao,2025-04-04,14:55:42,-07:00,2025-04-04T14:55:42-07:00,0,84
resume/index.html,19,html,789c412d,RyanCao,2025-04-04,14:55:42,-07:00,2025-04-04T14:55:42-07:00,0,34
resume/index.html,20,html,789c412d,RyanCao,2025-04-04,14:55:42,-07:00,2025-04-04T14:55:42-07:00,0,9
resume/index.html,21,html,789c412d,RyanCao,2025-04-04,14:55:42,-07:00,2025-04-04T14:55:42-07:00,0,9
resume/index.html,22,html,789c412d,RyanCao,2025-04-04,14:55:42,-07:00,2025-04-04T14:55:42-07:00,0,0
resume/index.html,23,html,789c412d,RyanCao,2025-04-04,14:55:42,-07:00,2025-04-04T14:55:42-07:00,0,8
resume/index.html,24,html,789c412d,RyanCao,2025-04-04,14:55:42,-07:00,2025-04-04T14:55:42-07:00,0,18
resume/index.html,25,html,789c412d,RyanCao,2025-04-04,14:55:42,-07:00,2025-04-04T14:55:42-07:00,0,8
resume/index.html,26,html,789c412d,RyanCao,2025-04-04,14:55:42,-07:00,2025-04-04T14:55:42-07:00,0,92
resume/index.html,27,html,789c412d,RyanCao,2025-04-04,14:55:42,-07:00,2025-04-04T14:55:42-07:00,0,49
resume/index.html,28,html,789c412d,RyanCao,2025-04-04,14:55:42,-07:00,2025-04-04T14:55:42-07:00,0,3
resume/index.html,29,html,789c412d,RyanCao,2025-04-04,14:55:42,-07:00,2025-04-04T14:55:42-07:00,0,77
resume/index.html,30,html,789c412d,RyanCao,2025-04-04,14:55:42,-07:00,2025-04-04T14:55:42-07:00,0,77
resume/index.html,31,html,789c412d,RyanCao,2025-04-04,14:55:42,-07:00,2025-04-04T14:55:42-07:00,0,4
resume/index.html,32,html,789c412d,RyanCao,2025-04-04,14:55:42,-07:00,2025-04-04T14:55:42-07:00,0,9
resume/index.html,33,html,789c412d,RyanCao,2025-04-04,14:55:42,-07:00,2025-04-04T14:55:42-07:00,0,8
resume/index.html,34,html,789c412d,RyanCao,2025-04-04,14:55:42,-07:00,2025-04-04T14:55:42-07:00,0,91
resume/index.html,35,html,789c412d,RyanCao,2025-04-04,14:55:42,-07:00,2025-04-04T14:55:42-07:00,0,82
resume/index.html,36,html,789c412d,RyanCao,2025-04-04,14:55:42,-07:00,2025-04-04T14:55:42-07:00,0,3
resume/index.html,37,html,789c412d,RyanCao,2025-04-04,14:55:42,-07:00,2025-04-04T14:55:42-07:00,0,70
resume/index.html,38,html,789c412d,RyanCao,2025-04-04,14:55:42,-07:00,2025-04-04T14:55:42-07:00,0,68
resume/index.html,39,html,789c412d,RyanCao,2025-04-04,14:55:42,-07:00,2025-04-04T14:55:42-07:00,0,4
resume/index.html,40,html,789c412d,RyanCao,2025-04-04,14:55:42,-07:00,2025-04-04T14:55:42-07:00,0,9
resume/index.html,41,html,789c412d,RyanCao,2025-04-04,14:55:42,-07:00,2025-04-04T14:55:42-07:00,0,8
resume/index.html,42,html,789c412d,RyanCao,2025-04-04,14:55:42,-07:00,2025-04-04T14:55:42-07:00,0,69
resume/index.html,43,html,789c412d,RyanCao,2025-04-04,14:55:42,-07:00,2025-04-04T14:55:42-07:00,0,82
resume/index.html,44,html,789c412d,RyanCao,2025-04-04,14:55:42,-07:00,2025-04-04T14:55:42-07:00,0,3
resume/index.html,45,html,789c412d,RyanCao,2025-04-04,14:55:42,-07:00,2025-04-04T14:55:42-07:00,0,81
resume/index.html,46,html,789c412d,RyanCao,2025-04-04,14:55:42,-07:00,2025-04-04T14:55:42-07:00,0,75
resume/index.html,47,html,789c412d,RyanCao,2025-04-04,14:55:42,-07:00,2025-04-04T14:55:42-07:00,0,4
resume/index.html,48,html,789c412d,RyanCao,2025-04-04,14:55:42,-07:00,2025-04-04T14:55:42-07:00,0,9
resume/index.html,49,html,789c412d,RyanCao,2025-04-04,14:55:42,-07:00,2025-04-04T14:55:42-07:00,0,9
resume/index.html,50,html,789c412d,RyanCao,2025-04-04,14:55:42,-07:00,2025-04-04T14:55:42-07:00,0,0
resume/index.html,51,html,789c412d,RyanCao,2025-04-04,14:55:42,-07:00,2025-04-04T14:55:42-07:00,0,8
resume/index.html,52,html,789c412d,RyanCao,2025-04-04,14:55:42,-07:00,2025-04-04T14:55:42-07:00,0,16
resume/index.html,53,html,789c412d,RyanCao,2025-04-04,14:55:42,-07:00,2025-04-04T14:55:42-07:00,0,8
resume/index.html,54,html,789c412d,RyanCao,2025-04-04,14:55:42,-07:00,2025-04-04T14:55:42-07:00,0,51
resume/index.html,55,html,789c412d,RyanCao,2025-04-04,14:55:42,-07:00,2025-04-04T14:55:42-07:00,0,3
resume/index.html,56,html,789c412d,RyanCao,2025-04-04,14:55:42,-07:00,2025-04-04T14:55:42-07:00,0,72
resume/index.html,57,html,789c412d,RyanCao,2025-04-04,14:55:42,-07:00,2025-04-04T14:55:42-07:00,0,68
resume/index.html,58,html,789c412d,RyanCao,2025-04-04,14:55:42,-07:00,2025-04-04T14:55:42-07:00,0,4
resume/index.html,59,html,789c412d,RyanCao,2025-04-04,14:55:42,-07:00,2025-04-04T14:55:42-07:00,0,9
resume/index.html,60,html,789c412d,RyanCao,2025-04-04,14:55:42,-07:00,2025-04-04T14:55:42-07:00,0,8
resume/index.html,61,html,789c412d,RyanCao,2025-04-04,14:55:42,-07:00,2025-04-04T14:55:42-07:00,0,86
resume/index.html,62,html,789c412d,RyanCao,2025-04-04,14:55:42,-07:00,2025-04-04T14:55:42-07:00,0,3
resume/index.html,63,html,789c412d,RyanCao,2025-04-04,14:55:42,-07:00,2025-04-04T14:55:42-07:00,0,73
resume/index.html,64,html,789c412d,RyanCao,2025-04-04,14:55:42,-07:00,2025-04-04T14:55:42-07:00,0,61
resume/index.html,65,html,789c412d,RyanCao,2025-04-04,14:55:42,-07:00,2025-04-04T14:55:42-07:00,0,4
resume/index.html,66,html,789c412d,RyanCao,2025-04-04,14:55:42,-07:00,2025-04-04T14:55:42-07:00,0,9
resume/index.html,67,html,789c412d,RyanCao,2025-04-04,14:55:42,-07:00,2025-04-04T14:55:42-07:00,0,8
resume/index.html,68,html,789c412d,RyanCao,2025-04-04,14:55:42,-07:00,2025-04-04T14:55:42-07:00,0,63
resume/index.html,69,html,789c412d,RyanCao,2025-04-04,14:55:42,-07:00,2025-04-04T14:55:42-07:00,0,3
resume/index.html,70,html,789c412d,RyanCao,2025-04-04,14:55:42,-07:00,2025-04-04T14:55:42-07:00,0,64
resume/index.html,71,html,789c412d,RyanCao,2025-04-04,14:55:42,-07:00,2025-04-04T14:55:42-07:00,0,68
resume/index.html,72,html,789c412d,RyanCao,2025-04-04,14:55:42,-07:00,2025-04-04T14:55:42-07:00,0,4
resume/index.html,73,html,789c412d,RyanCao,2025-04-04,14:55:42,-07:00,2025-04-04T14:55:42-07:00,0,9
resume/index.html,74,html,789c412d,RyanCao,2025-04-04,14:55:42,-07:00,2025-04-04T14:55:42-07:00,0,9
resume/index.html,75,html,789c412d,RyanCao,2025-04-04,14:55:42,-07:00,2025-04-04T14:55:42-07:00,0,0
resume/index.html,76,html,789c412d,RyanCao,2025-04-04,14:55:42,-07:00,2025-04-04T14:55:42-07:00,0,8
resume/index.html,77,html,789c412d,RyanCao,2025-04-04,14:55:42,-07:00,2025-04-04T14:55:42-07:00,0,26
resume/index.html,78,html,789c412d,RyanCao,2025-04-04,14:55:42,-07:00,2025-04-04T14:55:42-07:00,0,3
resume/index.html,79,html,789c412d,RyanCao,2025-04-04,14:55:42,-07:00,2025-04-04T14:55:42-07:00,0,106
resume/index.html,80,html,789c412d,RyanCao,2025-04-04,14:55:42,-07:00,2025-04-04T14:55:42-07:00,0,66
resume/index.html,81,html,789c412d,RyanCao,2025-04-04,14:55:42,-07:00,2025-04-04T14:55:42-07:00,0,92
resume/index.html,82,html,789c412d,RyanCao,2025-04-04,14:55:42,-07:00,2025-04-04T14:55:42-07:00,0,4
resume/index.html,83,html,789c412d,RyanCao,2025-04-04,14:55:42,-07:00,2025-04-04T14:55:42-07:00,0,9
resume/index.html,84,html,789c412d,RyanCao,2025-04-04,14:55:42,-07:00,2025-04-04T14:55:42-07:00,0,6
resume/index.html,85,html,789c412d,RyanCao,2025-04-04,14:55:42,-07:00,2025-04-04T14:55:42-07:00,0,6
projects/projects.js,1,js,d1e340fa,RyanCao,2025-04-25,19:04:45,-07:00,2025-04-25T19:04:45-07:00,0,56
projects/projects.js,2,js,d1e340fa,RyanCao,2025-04-25,19:04:45,-07:00,2025-04-25T19:04:45-07:00,0,0
projects/projects.js,3,js,fb291a8e,RyanCao,2025-05-01,22:34:08,-07:00,2025-05-01T22:34:08-07:00,0,64
projects/projects.js,4,js,fb291a8e,RyanCao,2025-05-01,22:34:08,-07:00,2025-05-01T22:34:08-07:00,0,0
projects/projects.js,5,js,fb291a8e,RyanCao,2025-05-01,22:34:08,-07:00,2025-05-01T22:34:08-07:00,0,0
projects/projects.js,6,js,d1e340fa,RyanCao,2025-04-25,19:04:45,-07:00,2025-04-25T19:04:45-07:00,0,56
projects/projects.js,7,js,d1e340fa,RyanCao,2025-04-25,19:04:45,-07:00,2025-04-25T19:04:45-07:00,0,61
projects/projects.js,8,js,fb291a8e,RyanCao,2025-05-01,22:34:08,-07:00,2025-05-01T22:34:08-07:00,0,26
projects/projects.js,9,js,fb291a8e,RyanCao,2025-05-01,22:34:08,-07:00,2025-05-01T22:34:08-07:00,0,0
projects/projects.js,10,js,fb291a8e,RyanCao,2025-05-01,22:34:08,-07:00,2025-05-01T22:34:08-07:00,0,22
projects/projects.js,11,js,fb291a8e,RyanCao,2025-05-01,22:34:08,-07:00,2025-05-01T22:34:08-07:00,0,24
projects/projects.js,12,js,d1e340fa,RyanCao,2025-04-25,19:04:45,-07:00,2025-04-25T19:04:45-07:00,0,0
projects/projects.js,13,js,d1e340fa,RyanCao,2025-04-25,19:04:45,-07:00,2025-04-25T19:04:45-07:00,0,49
projects/projects.js,14,js,d1e340fa,RyanCao,2025-04-25,19:04:45,-07:00,2025-04-25T19:04:45-07:00,0,0
projects/projects.js,15,js,d1e340fa,RyanCao,2025-04-25,19:04:45,-07:00,2025-04-25T19:04:45-07:00,0,63
projects/projects.js,16,js,d1e340fa,RyanCao,2025-04-25,19:04:45,-07:00,2025-04-25T19:04:45-07:00,0,19
projects/projects.js,17,js,d1e340fa,RyanCao,2025-04-25,19:04:45,-07:00,2025-04-25T19:04:45-07:00,0,57
projects/projects.js,18,js,d1e340fa,RyanCao,2025-04-25,19:04:45,-07:00,2025-04-25T19:04:45-07:00,0,0
projects/projects.js,19,js,fb291a8e,RyanCao,2025-05-01,22:34:08,-07:00,2025-05-01T22:34:08-07:00,0,10
projects/projects.js,20,js,fb291a8e,RyanCao,2025-05-01,22:34:08,-07:00,2025-05-01T22:34:08-07:00,0,58
projects/projects.js,21,js,fb291a8e,RyanCao,2025-05-01,22:34:08,-07:00,2025-05-01T22:34:08-07:00,0,0
projects/projects.js,22,js,fb291a8e,RyanCao,2025-05-01,22:34:08,-07:00,2025-05-01T22:34:08-07:00,0,38
projects/projects.js,23,js,fb291a8e,RyanCao,2025-05-01,22:34:08,-07:00,2025-05-01T22:34:08-07:00,0,0
projects/projects.js,24,js,fb291a8e,RyanCao,2025-05-01,22:34:08,-07:00,2025-05-01T22:34:08-07:00,0,76
projects/projects.js,25,js,fb291a8e,RyanCao,2025-05-01,22:34:08,-07:00,2025-05-01T22:34:08-07:00,0,0
projects/projects.js,26,js,fb291a8e,RyanCao,2025-05-01,22:34:08,-07:00,2025-05-01T22:34:08-07:00,0,51
projects/projects.js,27,js,fb291a8e,RyanCao,2025-05-01,22:34:08,-07:00,2025-05-01T22:34:08-07:00,0,36
projects/projects.js,28,js,fb291a8e,RyanCao,2025-05-01,22:34:08,-07:00,2025-05-01T22:34:08-07:00,0,2
projects/projects.js,29,js,fb291a8e,RyanCao,2025-05-01,22:34:08,-07:00,2025-05-01T22:34:08-07:00,0,28
projects/projects.js,30,js,fb291a8e,RyanCao,2025-05-01,22:34:08,-07:00,2025-05-01T22:34:08-07:00,0,64
projects/projects.js,31,js,fb291a8e,RyanCao,2025-05-01,22:34:08,-07:00,2025-05-01T22:34:08-07:00,0,43
projects/projects.js,32,js,fb291a8e,RyanCao,2025-05-01,22:34:08,-07:00,2025-05-01T22:34:08-07:00,0,0
projects/projects.js,33,js,fb291a8e,RyanCao,2025-05-01,22:34:08,-07:00,2025-05-01T22:34:08-07:00,0,0
projects/projects.js,34,js,fb291a8e,RyanCao,2025-05-01,22:34:08,-07:00,2025-05-01T22:34:08-07:00,0,54
projects/projects.js,35,js,fb291a8e,RyanCao,2025-05-01,22:34:08,-07:00,2025-05-01T22:34:08-07:00,0,0
projects/projects.js,36,js,fb291a8e,RyanCao,2025-05-01,22:34:08,-07:00,2025-05-01T22:34:08-07:00,0,43
projects/projects.js,37,js,fb291a8e,RyanCao,2025-05-01,22:34:08,-07:00,2025-05-01T22:34:08-07:00,0,0
projects/projects.js,38,js,fb291a8e,RyanCao,2025-05-01,22:34:08,-07:00,2025-05-01T22:34:08-07:00,0,52
projects/projects.js,39,js,fb291a8e,RyanCao,2025-05-01,22:34:08,-07:00,2025-05-01T22:34:08-07:00,0,0
projects/projects.js,40,js,fb291a8e,RyanCao,2025-05-01,22:34:08,-07:00,2025-05-01T22:34:08-07:00,0,26
projects/projects.js,41,js,fb291a8e,RyanCao,2025-05-01,22:34:08,-07:00,2025-05-01T22:34:08-07:00,0,33
projects/projects.js,42,js,fb291a8e,RyanCao,2025-05-01,22:34:08,-07:00,2025-05-01T22:34:08-07:00,0,48
projects/projects.js,43,js,fb291a8e,RyanCao,2025-05-01,22:34:08,-07:00,2025-05-01T22:34:08-07:00,0,0
projects/projects.js,44,js,fb291a8e,RyanCao,2025-05-01,22:34:08,-07:00,2025-05-01T22:34:08-07:00,0,30
projects/projects.js,45,js,fb291a8e,RyanCao,2025-05-01,22:34:08,-07:00,2025-05-01T22:34:08-07:00,0,31
projects/projects.js,46,js,fb291a8e,RyanCao,2025-05-01,22:34:08,-07:00,2025-05-01T22:34:08-07:00,0,0
projects/projects.js,47,js,fb291a8e,RyanCao,2025-05-01,22:34:08,-07:00,2025-05-01T22:34:08-07:00,0,0
projects/projects.js,48,js,fb291a8e,RyanCao,2025-05-01,22:34:08,-07:00,2025-05-01T22:34:08-07:00,0,30
projects/projects.js,49,js,fb291a8e,RyanCao,2025-05-01,22:34:08,-07:00,2025-05-01T22:34:08-07:00,0,2
projects/projects.js,50,js,fb291a8e,RyanCao,2025-05-01,22:34:08,-07:00,2025-05-01T22:34:08-07:00,0,14
projects/projects.js,51,js,fb291a8e,RyanCao,2025-05-01,22:34:08,-07:00,2025-05-01T22:34:08-07:00,0,14
projects/projects.js,52,js,fb291a8e,RyanCao,2025-05-01,22:34:08,-07:00,2025-05-01T22:34:08-07:00,0,25
projects/projects.js,53,js,fb291a8e,RyanCao,2025-05-01,22:34:08,-07:00,2025-05-01T22:34:08-07:00,0,19
projects/projects.js,54,js,fb291a8e,RyanCao,2025-05-01,22:34:08,-07:00,2025-05-01T22:34:08-07:00,0,27
projects/projects.js,55,js,fb291a8e,RyanCao,2025-05-01,22:34:08,-07:00,2025-05-01T22:34:08-07:00,0,18
projects/projects.js,56,js,fb291a8e,RyanCao,2025-05-01,22:34:08,-07:00,2025-05-01T22:34:08-07:00,0,20
projects/projects.js,57,js,fb291a8e,RyanCao,2025-05-01,22:34:08,-07:00,2025-05-01T22:34:08-07:00,0,7
projects/projects.js,58,js,fb291a8e,RyanCao,2025-05-01,22:34:08,-07:00,2025-05-01T22:34:08-07:00,0,19
projects/projects.js,59,js,fb291a8e,RyanCao,2025-05-01,22:34:08,-07:00,2025-05-01T22:34:08-07:00,0,34
projects/projects.js,60,js,fb291a8e,RyanCao,2025-05-01,22:34:08,-07:00,2025-05-01T22:34:08-07:00,0,0
projects/projects.js,61,js,fb291a8e,RyanCao,2025-05-01,22:34:08,-07:00,2025-05-01T22:34:08-07:00,0,44
projects/projects.js,62,js,fb291a8e,RyanCao,2025-05-01,22:34:08,-07:00,2025-05-01T22:34:08-07:00,0,62
projects/projects.js,63,js,fb291a8e,RyanCao,2025-05-01,22:34:08,-07:00,2025-05-01T22:34:08-07:00,0,57
projects/projects.js,64,js,fb291a8e,RyanCao,2025-05-01,22:34:08,-07:00,2025-05-01T22:34:08-07:00,0,76
projects/projects.js,65,js,fb291a8e,RyanCao,2025-05-01,22:34:08,-07:00,2025-05-01T22:34:08-07:00,0,34
projects/projects.js,66,js,fb291a8e,RyanCao,2025-05-01,22:34:08,-07:00,2025-05-01T22:34:08-07:00,0,2
projects/projects.js,67,js,fb291a8e,RyanCao,2025-05-01,22:34:08,-07:00,2025-05-01T22:34:08-07:00,0,53
projects/projects.js,68,js,fb291a8e,RyanCao,2025-05-01,22:34:08,-07:00,2025-05-01T22:34:08-07:00,0,2
projects/projects.js,69,js,fb291a8e,RyanCao,2025-05-01,22:34:08,-07:00,2025-05-01T22:34:08-07:00,0,17
projects/projects.js,70,js,fb291a8e,RyanCao,2025-05-01,22:34:08,-07:00,2025-05-01T22:34:08-07:00,0,27
projects/projects.js,71,js,fb291a8e,RyanCao,2025-05-01,22:34:08,-07:00,2025-05-01T22:34:08-07:00,0,38
projects/projects.js,72,js,fb291a8e,RyanCao,2025-05-01,22:34:08,-07:00,2025-05-01T22:34:08-07:00,0,2
projects/projects.js,73,js,fb291a8e,RyanCao,2025-05-01,22:34:08,-07:00,2025-05-01T22:34:08-07:00,0,5
projects/projects.js,74,js,fb291a8e,RyanCao,2025-05-01,22:34:08,-07:00,2025-05-01T22:34:08-07:00,0,15
projects/projects.js,75,js,fb291a8e,RyanCao,2025-05-01,22:34:08,-07:00,2025-05-01T22:34:08-07:00,0,27
projects/projects.js,76,js,fb291a8e,RyanCao,2025-05-01,22:34:08,-07:00,2025-05-01T22:34:08-07:00,0,38
projects/projects.js,77,js,fb291a8e,RyanCao,2025-05-01,22:34:08,-07:00,2025-05-01T22:34:08-07:00,0,2
projects/projects.js,78,js,fb291a8e,RyanCao,2025-05-01,22:34:08,-07:00,2025-05-01T22:34:08-07:00,0,2
projects/projects.js,79,js,fb291a8e,RyanCao,2025-05-01,22:34:08,-07:00,2025-05-01T22:34:08-07:00,0,0
projects/projects.js,80,js,fb291a8e,RyanCao,2025-05-01,22:34:08,-07:00,2025-05-01T22:34:08-07:00,0,2
projects/projects.js,81,js,fb291a8e,RyanCao,2025-05-01,22:34:08,-07:00,2025-05-01T22:34:08-07:00,0,0
projects/projects.js,82,js,fb291a8e,RyanCao,2025-05-01,22:34:08,-07:00,2025-05-01T22:34:08-07:00,0,0
projects/projects.js,83,js,fb291a8e,RyanCao,2025-05-01,22:34:08,-07:00,2025-05-01T22:34:08-07:00,0,0
projects/projects.js,84,js,fb291a8e,RyanCao,2025-05-01,22:34:08,-07:00,2025-05-01T22:34:08-07:00,0,28
projects/projects.js,85,js,fb291a8e,RyanCao,2025-05-01,22:34:08,-07:00,2025-05-01T22:34:08-07:00,0,5
projects/projects.js,86,js,fb291a8e,RyanCao,2025-05-01,22:34:08,-07:00,2025-05-01T22:34:08-07:00,0,12
projects/projects.js,87,js,fb291a8e,RyanCao,2025-05-01,22:34:08,-07:00,2025-05-01T22:34:08-07:00,0,39
projects/projects.js,88,js,fb291a8e,RyanCao,2025-05-01,22:34:08,-07:00,2025-05-01T22:34:08-07:00,0,70
projects/projects.js,89,js,fb291a8e,RyanCao,2025-05-01,22:34:08,-07:00,2025-05-01T22:34:08-07:00,0,2
projects/projects.js,90,js,fb291a8e,RyanCao,2025-05-01,22:34:08,-07:00,2025-05-01T22:34:08-07:00,0,5
projects/projects.js,91,js,fb291a8e,RyanCao,2025-05-01,22:34:08,-07:00,2025-05-01T22:34:08-07:00,0,15
projects/projects.js,92,js,fb291a8e,RyanCao,2025-05-01,22:34:08,-07:00,2025-05-01T22:34:08-07:00,0,27
projects/projects.js,93,js,fb291a8e,RyanCao,2025-05-01,22:34:08,-07:00,2025-05-01T22:34:08-07:00,0,38
projects/projects.js,94,js,fb291a8e,RyanCao,2025-05-01,22:34:08,-07:00,2025-05-01T22:34:08-07:00,0,2
projects/projects.js,95,js,fb291a8e,RyanCao,2025-05-01,22:34:08,-07:00,2025-05-01T22:34:08-07:00,0,0
projects/projects.js,96,js,fb291a8e,RyanCao,2025-05-01,22:34:08,-07:00,2025-05-01T22:34:08-07:00,0,0
projects/projects.js,97,js,fb291a8e,RyanCao,2025-05-01,22:34:08,-07:00,2025-05-01T22:34:08-07:00,0,0
projects/projects.js,98,js,fb291a8e,RyanCao,2025-05-01,22:34:08,-07:00,2025-05-01T22:34:08-07:00,0,28
projects/projects.js,99,js,fb291a8e,RyanCao,2025-05-01,22:34:08,-07:00,2025-05-01T22:34:08-07:00,0,0
projects/projects.js,100,js,fb291a8e,RyanCao,2025-05-01,22:34:08,-07:00,2025-05-01T22:34:08-07:00,0,14
projects/projects.js,101,js,fb291a8e,RyanCao,2025-05-01,22:34:08,-07:00,2025-05-01T22:34:08-07:00,0,54
projects/projects.js,102,js,fb291a8e,RyanCao,2025-05-01,22:34:08,-07:00,2025-05-01T22:34:08-07:00,0,49
projects/projects.js,103,js,fb291a8e,RyanCao,2025-05-01,22:34:08,-07:00,2025-05-01T22:34:08-07:00,0,26
projects/projects.js,104,js,fb291a8e,RyanCao,2025-05-01,22:34:08,-07:00,2025-05-01T22:34:08-07:00,0,0
projects/projects.js,105,js,fb291a8e,RyanCao,2025-05-01,22:34:08,-07:00,2025-05-01T22:34:08-07:00,0,44
projects/projects.js,106,js,fb291a8e,RyanCao,2025-05-01,22:34:08,-07:00,2025-05-01T22:34:08-07:00,0,58
projects/projects.js,107,js,fb291a8e,RyanCao,2025-05-01,22:34:08,-07:00,2025-05-01T22:34:08-07:00,0,53
projects/projects.js,108,js,fb291a8e,RyanCao,2025-05-01,22:34:08,-07:00,2025-05-01T22:34:08-07:00,0,74
projects/projects.js,109,js,fb291a8e,RyanCao,2025-05-01,22:34:08,-07:00,2025-05-01T22:34:08-07:00,0,34
projects/projects.js,110,js,fb291a8e,RyanCao,2025-05-01,22:34:08,-07:00,2025-05-01T22:34:08-07:00,0,1
projects/projects.js,111,js,fb291a8e,RyanCao,2025-05-01,22:34:08,-07:00,2025-05-01T22:34:08-07:00,0,0
projects/projects.js,112,js,d1e340fa,RyanCao,2025-04-25,19:04:45,-07:00,2025-04-25T19:04:45-07:00,0,0
projects/projects.js,113,js,fb291a8e,RyanCao,2025-05-01,22:34:08,-07:00,2025-05-01T22:34:08-07:00,0,53
projects/projects.js,114,js,fb291a8e,RyanCao,2025-05-01,22:34:08,-07:00,2025-05-01T22:34:08-07:00,0,28
projects/projects.js,115,js,fb291a8e,RyanCao,2025-05-01,22:34:08,-07:00,2025-05-01T22:34:08-07:00,0,28
projects/projects.js,116,js,fb291a8e,RyanCao,2025-05-01,22:34:08,-07:00,2025-05-01T22:34:08-07:00,0,0
projects/projects.js,117,js,fb291a8e,RyanCao,2025-05-01,22:34:08,-07:00,2025-05-01T22:34:08-07:00,0,2
projects/index.html,1,html,6054fc6c,RyanCao,2025-04-04,14:29:27,-07:00,2025-04-04T14:29:27-07:00,0,14
projects/index.html,2,html,6054fc6c,RyanCao,2025-04-04,14:29:27,-07:00,2025-04-04T14:29:27-07:00,0,15
projects/index.html,3,html,6054fc6c,RyanCao,2025-04-04,14:29:27,-07:00,2025-04-04T14:29:27-07:00,0,5
projects/index.html,4,html,6054fc6c,RyanCao,2025-04-04,14:29:27,-07:00,2025-04-04T14:29:27-07:00,0,21
projects/index.html,5,html,6054fc6c,RyanCao,2025-04-04,14:29:27,-07:00,2025-04-04T14:29:27-07:00,0,69
projects/index.html,6,html,aad64d4f,RyanCao,2025-04-16,22:42:09,-07:00,2025-04-16T22:42:09-07:00,0,22
projects/index.html,7,html,c29d20e3,RyanCao,2025-04-04,18:46:32,-07:00,2025-04-04T18:46:32-07:00,0,42
projects/index.html,8,html,fadaa04b,RyanCao,2025-04-16,22:16:10,-07:00,2025-04-16T22:16:10-07:00,0,49
projects/index.html,9,html,d1e340fa,RyanCao,2025-04-25,19:04:45,-07:00,2025-04-25T19:04:45-07:00,0,48
projects/index.html,10,html,6054fc6c,RyanCao,2025-04-04,14:29:27,-07:00,2025-04-04T14:29:27-07:00,0,6
projects/index.html,11,html,6054fc6c,RyanCao,2025-04-04,14:29:27,-07:00,2025-04-04T14:29:27-07:00,0,5
projects/index.html,12,html,5a77551d,RyanCao,2025-04-04,14:41:09,-07:00,2025-04-04T14:41:09-07:00,0,0
projects/index.html,13,html,6054fc6c,RyanCao,2025-04-04,14:29:27,-07:00,2025-04-04T14:29:27-07:00,0,0
projects/index.html,14,html,d1e340fa,RyanCao,2025-04-25,19:04:45,-07:00,2025-04-25T19:04:45-07:00,0,39
projects/index.html,15,html,fb291a8e,RyanCao,2025-05-01,22:34:08,-07:00,2025-05-01T22:34:08-07:00,0,0
projects/index.html,16,html,fb291a8e,RyanCao,2025-05-01,22:34:08,-07:00,2025-05-01T22:34:08-07:00,0,28
projects/index.html,17,html,fb291a8e,RyanCao,2025-05-01,22:34:08,-07:00,2025-05-01T22:34:08-07:00,0,59
projects/index.html,18,html,fb291a8e,RyanCao,2025-05-01,22:34:08,-07:00,2025-05-01T22:34:08-07:00,0,23
projects/index.html,19,html,fb291a8e,RyanCao,2025-05-01,22:34:08,-07:00,2025-05-01T22:34:08-07:00,0,5
projects/index.html,20,html,fb291a8e,RyanCao,2025-05-01,22:34:08,-07:00,2025-05-01T22:34:08-07:00,0,29
projects/index.html,21,html,fb291a8e,RyanCao,2025-05-01,22:34:08,-07:00,2025-05-01T22:34:08-07:00,0,5
projects/index.html,22,html,fb291a8e,RyanCao,2025-05-01,22:34:08,-07:00,2025-05-01T22:34:08-07:00,0,16
projects/index.html,23,html,fb291a8e,RyanCao,2025-05-01,22:34:08,-07:00,2025-05-01T22:34:08-07:00,0,12
projects/index.html,24,html,fb291a8e,RyanCao,2025-05-01,22:34:08,-07:00,2025-05-01T22:34:08-07:00,0,32
projects/index.html,25,html,fb291a8e,RyanCao,2025-05-01,22:34:08,-07:00,2025-05-01T22:34:08-07:00,0,27
projects/index.html,26,html,fb291a8e,RyanCao,2025-05-01,22:34:08,-07:00,2025-05-01T22:34:08-07:00,0,1
projects/index.html,27,html,fb291a8e,RyanCao,2025-05-01,22:34:08,-07:00,2025-05-01T22:34:08-07:00,0,5
projects/index.html,28,html,fb291a8e,RyanCao,2025-05-01,22:34:08,-07:00,2025-05-01T22:34:08-07:00,0,0
projects/index.html,29,html,c82bd964,RyanCao,2025-04-25,19:20:51,-07:00,2025-04-25T19:20:51-07:00,0,27
projects/index.html,30,html,fb291a8e,RyanCao,2025-05-01,22:34:08,-07:00,2025-05-01T22:34:08-07:00,0,0
projects/index.html,31,html,fb291a8e,RyanCao,2025-05-01,22:34:08,-07:00,2025-05-01T22:34:08-07:00,0,0
projects/index.html,32,html,fb291a8e,RyanCao,2025-05-01,22:34:08,-07:00,2025-05-01T22:34:08-07:00,0,0
projects/index.html,33,html,6054fc6c,RyanCao,2025-04-04,14:29:27,-07:00,2025-04-04T14:29:27-07:00,0,6
projects/index.html,34,html,6054fc6c,RyanCao,2025-04-04,14:29:27,-07:00,2025-04-04T14:29:27-07:00,0,6
meta/main.js,1,js,13a8222c,RyanCao,2025-05-05,23:05:40,-07:00,2025-05-05T23:05:40-07:00,0,64
meta/main.js,2,js,13a8222c,RyanCao,2025-05-05,23:05:40,-07:00,2025-05-05T23:05:40-07:00,0,0
meta/main.js,3,js,13a8222c,RyanCao,2025-05-05,23:05:40,-07:00,2025-05-05T23:05:40-07:00,0,26
meta/main.js,4,js,1a51af8f,RyanCao,2025-05-05,23:38:17,-07:00,2025-05-05T23:38:17-07:00,0,47
meta/main.js,5,js,1a51af8f,RyanCao,2025-05-05,23:38:17,-07:00,2025-05-05T23:38:17-07:00,0,6
meta/main.js,6,js,1a51af8f,RyanCao,2025-05-05,23:38:17,-07:00,2025-05-05T23:38:17-07:00,0,43
meta/main.js,7,js,1a51af8f,RyanCao,2025-05-05,23:38:17,-07:00,2025-05-05T23:38:17-07:00,0,24
meta/main.js,8,js,1a51af8f,RyanCao,2025-05-05,23:38:17,-07:00,2025-05-05T23:38:17-07:00,0,26
meta/main.js,9,js,1a51af8f,RyanCao,2025-05-05,23:38:17,-07:00,2025-05-05T23:38:17-07:00,0,50
meta/main.js,10,js,1a51af8f,RyanCao,2025-05-05,23:38:17,-07:00,2025-05-05T23:38:17-07:00,0,32
meta/main.js,11,js,1a51af8f,RyanCao,2025-05-05,23:38:17,-07:00,2025-05-05T23:38:17-07:00,0,3
meta/main.js,12,js,1a51af8f,RyanCao,2025-05-05,23:38:17,-07:00,2025-05-05T23:38:17-07:00,0,0
meta/main.js,13,js,1a51af8f,RyanCao,2025-05-05,23:38:17,-07:00,2025-05-05T23:38:17-07:00,0,11
meta/main.js,14,js,1a51af8f,RyanCao,2025-05-05,23:38:17,-07:00,2025-05-05T23:38:17-07:00,0,0
meta/main.js,15,js,1a51af8f,RyanCao,2025-05-05,23:38:17,-07:00,2025-05-05T23:38:17-07:00,0,0
meta/main.js,16,js,13a8222c,RyanCao,2025-05-05,23:05:40,-07:00,2025-05-05T23:05:40-07:00,0,0
meta/main.js,17,js,1a51af8f,RyanCao,2025-05-05,23:38:17,-07:00,2025-05-05T23:38:17-07:00,0,30
meta/main.js,18,js,1a51af8f,RyanCao,2025-05-05,23:38:17,-07:00,2025-05-05T23:38:17-07:00,0,8
meta/main.js,19,js,1a51af8f,RyanCao,2025-05-05,23:38:17,-07:00,2025-05-05T23:38:17-07:00,0,29
meta/main.js,20,js,1a51af8f,RyanCao,2025-05-05,23:38:17,-07:00,2025-05-05T23:38:17-07:00,0,26
meta/main.js,21,js,1a51af8f,RyanCao,2025-05-05,23:38:17,-07:00,2025-05-05T23:38:17-07:00,0,20
meta/main.js,22,js,1a51af8f,RyanCao,2025-05-05,23:38:17,-07:00,2025-05-05T23:38:17-07:00,0,54
meta/main.js,23,js,1a51af8f,RyanCao,2025-05-05,23:38:17,-07:00,2025-05-05T23:38:17-07:00,0,10
meta/main.js,24,js,1a51af8f,RyanCao,2025-05-05,23:38:17,-07:00,2025-05-05T23:38:17-07:00,0,10
meta/main.js,25,js,8b7d8858,RyanCao,2025-05-06,12:34:02,-07:00,2025-05-06T12:34:02-07:00,0,65
meta/main.js,26,js,1a51af8f,RyanCao,2025-05-05,23:38:17,-07:00,2025-05-05T23:38:17-07:00,0,6
meta/main.js,27,js,1a51af8f,RyanCao,2025-05-05,23:38:17,-07:00,2025-05-05T23:38:17-07:00,0,4
meta/main.js,28,js,1a51af8f,RyanCao,2025-05-05,23:38:17,-07:00,2025-05-05T23:38:17-07:00,0,4
meta/main.js,29,js,1a51af8f,RyanCao,2025-05-05,23:38:17,-07:00,2025-05-05T23:38:17-07:00,0,8
meta/main.js,30,js,1a51af8f,RyanCao,2025-05-05,23:38:17,-07:00,2025-05-05T23:38:17-07:00,0,8
meta/main.js,31,js,1a51af8f,RyanCao,2025-05-05,23:38:17,-07:00,2025-05-05T23:38:17-07:00,0,58
meta/main.js,32,js,1a51af8f,RyanCao,2025-05-05,23:38:17,-07:00,2025-05-05T23:38:17-07:00,0,24
meta/main.js,33,js,1a51af8f,RyanCao,2025-05-05,23:38:17,-07:00,2025-05-05T23:38:17-07:00,0,1
meta/main.js,34,js,13a8222c,RyanCao,2025-05-05,23:05:40,-07:00,2025-05-05T23:05:40-07:00,0,0
meta/main.js,35,js,1a51af8f,RyanCao,2025-05-05,23:38:17,-07:00,2025-05-05T23:38:17-07:00,0,36
meta/main.js,36,js,1a51af8f,RyanCao,2025-05-05,23:38:17,-07:00,2025-05-05T23:38:17-07:00,0,12
meta/main.js,37,js,1a51af8f,RyanCao,2025-05-05,23:38:17,-07:00,2025-05-05T23:38:17-07:00,0,39
meta/main.js,38,js,1a51af8f,RyanCao,2025-05-05,23:38:17,-07:00,2025-05-05T23:38:17-07:00,0,54
meta/main.js,39,js,1a51af8f,RyanCao,2025-05-05,23:38:17,-07:00,2025-05-05T23:38:17-07:00,0,17
meta/main.js,40,js,1a51af8f,RyanCao,2025-05-05,23:38:17,-07:00,2025-05-05T23:38:17-07:00,0,15
meta/main.js,41,js,1a51af8f,RyanCao,2025-05-05,23:38:17,-07:00,2025-05-05T23:38:17-07:00,0,18
meta/main.js,42,js,1a51af8f,RyanCao,2025-05-05,23:38:17,-07:00,2025-05-05T23:38:17-07:00,0,2
meta/main.js,43,js,0dc70a03,RyanCao,2025-05-05,23:17:01,-07:00,2025-05-05T23:17:01-07:00,0,0
meta/main.js,44,js,1a51af8f,RyanCao,2025-05-05,23:38:17,-07:00,2025-05-05T23:38:17-07:00,0,10
meta/main.js,45,js,1a51af8f,RyanCao,2025-05-05,23:38:17,-07:00,2025-05-05T23:38:17-07:00,0,2
meta/main.js,46,js,1a51af8f,RyanCao,2025-05-05,23:38:17,-07:00,2025-05-05T23:38:17-07:00,0,0
meta/main.js,47,js,13a8222c,RyanCao,2025-05-05,23:05:40,-07:00,2025-05-05T23:05:40-07:00,0,0
meta/main.js,48,js,1a51af8f,RyanCao,2025-05-05,23:38:17,-07:00,2025-05-05T23:38:17-07:00,0,41
meta/main.js,49,js,1a51af8f,RyanCao,2025-05-05,23:38:17,-07:00,2025-05-05T23:38:17-07:00,0,23
meta/main.js,50,js,1a51af8f,RyanCao,2025-05-05,23:38:17,-07:00,2025-05-05T23:38:17-07:00,0,66
meta/main.js,51,js,13a8222c,RyanCao,2025-05-05,23:05:40,-07:00,2025-05-05T23:05:40-07:00,0,0
meta/main.js,52,js,1a51af8f,RyanCao,2025-05-05,23:38:17,-07:00,2025-05-05T23:38:17-07:00,0,15
meta/main.js,53,js,1a51af8f,RyanCao,2025-05-05,23:38:17,-07:00,2025-05-05T23:38:17-07:00,0,68
meta/main.js,54,js,1a51af8f,RyanCao,2025-05-05,23:38:17,-07:00,2025-05-05T23:38:17-07:00,0,33
meta/main.js,55,js,13a8222c,RyanCao,2025-05-05,23:05:40,-07:00,2025-05-05T23:05:40-07:00,0,0
meta/main.js,56,js,1a51af8f,RyanCao,2025-05-05,23:38:17,-07:00,2025-05-05T23:38:17-07:00,0,19
meta/main.js,57,js,1a51af8f,RyanCao,2025-05-05,23:38:17,-07:00,2025-05-05T23:38:17-07:00,0,37
meta/main.js,58,js,1a51af8f,RyanCao,2025-05-05,23:38:17,-07:00,2025-05-05T23:38:17-07:00,0,36
meta/main.js,59,js,13a8222c,RyanCao,2025-05-05,23:05:40,-07:00,2025-05-05T23:05:40-07:00,0,0
meta/main.js,60,js,1a51af8f,RyanCao,2025-05-05,23:38:17,-07:00,2025-05-05T23:38:17-07:00,0,17
meta/main.js,61,js,1a51af8f,RyanCao,2025-05-05,23:38:17,-07:00,2025-05-05T23:38:17-07:00,0,42
meta/main.js,62,js,1a51af8f,RyanCao,2025-05-05,23:38:17,-07:00,2025-05-05T23:38:17-07:00,0,29
meta/main.js,63,js,1a51af8f,RyanCao,2025-05-05,23:38:17,-07:00,2025-05-05T23:38:17-07:00,0,34
meta/main.js,64,js,1a51af8f,RyanCao,2025-05-05,23:38:17,-07:00,2025-05-05T23:38:17-07:00,0,30
meta/main.js,65,js,1a51af8f,RyanCao,2025-05-05,23:38:17,-07:00,2025-05-05T23:38:17-07:00,0,4
meta/main.js,66,js,1a51af8f,RyanCao,2025-05-05,23:38:17,-07:00,2025-05-05T23:38:17-07:00,0,27
meta/main.js,67,js,1a51af8f,RyanCao,2025-05-05,23:38:17,-07:00,2025-05-05T23:38:17-07:00,0,10
meta/main.js,68,js,1a51af8f,RyanCao,2025-05-05,23:38:17,-07:00,2025-05-05T23:38:17-07:00,0,1
meta/main.js,69,js,13a8222c,RyanCao,2025-05-05,23:05:40,-07:00,2025-05-05T23:05:40-07:00,0,0
meta/main.js,70,js,1a51af8f,RyanCao,2025-05-05,23:38:17,-07:00,2025-05-05T23:38:17-07:00,0,67
meta/main.js,71,js,13a8222c,RyanCao,2025-05-05,23:05:40,-07:00,2025-05-05T23:05:40-07:00,0,0
meta/main.js,72,js,1a51af8f,RyanCao,2025-05-05,23:38:17,-07:00,2025-05-05T23:38:17-07:00,0,21
meta/main.js,73,js,1a51af8f,RyanCao,2025-05-05,23:38:17,-07:00,2025-05-05T23:38:17-07:00,0,39
meta/main.js,74,js,1a51af8f,RyanCao,2025-05-05,23:38:17,-07:00,2025-05-05T23:38:17-07:00,0,30
meta/main.js,75,js,13a8222c,RyanCao,2025-05-05,23:05:40,-07:00,2025-05-05T23:05:40-07:00,0,0
meta/main.js,76,js,1a51af8f,RyanCao,2025-05-05,23:38:17,-07:00,2025-05-05T23:38:17-07:00,0,25
meta/main.js,77,js,1a51af8f,RyanCao,2025-05-05,23:38:17,-07:00,2025-05-05T23:38:17-07:00,0,43
meta/main.js,78,js,1a51af8f,RyanCao,2025-05-05,23:38:17,-07:00,2025-05-05T23:38:17-07:00,0,30
meta/main.js,79,js,13a8222c,RyanCao,2025-05-05,23:05:40,-07:00,2025-05-05T23:05:40-07:00,0,0
meta/main.js,80,js,1a51af8f,RyanCao,2025-05-05,23:38:17,-07:00,2025-05-05T23:38:17-07:00,0,23
meta/main.js,81,js,1a51af8f,RyanCao,2025-05-05,23:38:17,-07:00,2025-05-05T23:38:17-07:00,0,36
meta/main.js,82,js,1a51af8f,RyanCao,2025-05-05,23:38:17,-07:00,2025-05-05T23:38:17-07:00,0,33
meta/main.js,83,js,1a51af8f,RyanCao,2025-05-05,23:38:17,-07:00,2025-05-05T23:38:17-07:00,0,0
meta/main.js,84,js,13a8222c,RyanCao,2025-05-05,23:05:40,-07:00,2025-05-05T23:05:40-07:00,0,0
meta/main.js,85,js,1a51af8f,RyanCao,2025-05-05,23:38:17,-07:00,2025-05-05T23:38:17-07:00,0,27
meta/main.js,86,js,1a51af8f,RyanCao,2025-05-05,23:38:17,-07:00,2025-05-05T23:38:17-07:00,0,34
meta/main.js,87,js,13a8222c,RyanCao,2025-05-05,23:05:40,-07:00,2025-05-05T23:05:40-07:00,0,0
meta/main.js,88,js,3cbc5da2,RyanCao,2025-05-06,00:09:42,-07:00,2025-05-06T00:09:42-07:00,0,31
meta/main.js,89,js,3cbc5da2,RyanCao,2025-05-06,00:09:42,-07:00,2025-05-06T00:09:42-07:00,0,42
meta/main.js,90,js,3cbc5da2,RyanCao,2025-05-06,00:09:42,-07:00,2025-05-06T00:09:42-07:00,0,51
meta/main.js,91,js,3cbc5da2,RyanCao,2025-05-06,00:09:42,-07:00,2025-05-06T00:09:42-07:00,0,18
meta/main.js,92,js,3cbc5da2,RyanCao,2025-05-06,00:09:42,-07:00,2025-05-06T00:09:42-07:00,0,18
meta/main.js,93,js,3cbc5da2,RyanCao,2025-05-06,00:09:42,-07:00,2025-05-06T00:09:42-07:00,0,0
meta/main.js,94,js,3cbc5da2,RyanCao,2025-05-06,00:09:42,-07:00,2025-05-06T00:09:42-07:00,0,59
meta/main.js,95,js,3cbc5da2,RyanCao,2025-05-06,00:09:42,-07:00,2025-05-06T00:09:42-07:00,0,0
meta/main.js,96,js,3cbc5da2,RyanCao,2025-05-06,00:09:42,-07:00,2025-05-06T00:09:42-07:00,0,19
meta/main.js,97,js,3cbc5da2,RyanCao,2025-05-06,00:09:42,-07:00,2025-05-06T00:09:42-07:00,0,15
meta/main.js,98,js,3cbc5da2,RyanCao,2025-05-06,00:09:42,-07:00,2025-05-06T00:09:42-07:00,0,27
meta/main.js,99,js,3cbc5da2,RyanCao,2025-05-06,00:09:42,-07:00,2025-05-06T00:09:42-07:00,0,30
meta/main.js,100,js,3cbc5da2,RyanCao,2025-05-06,00:09:42,-07:00,2025-05-06T00:09:42-07:00,0,17
meta/main.js,101,js,3cbc5da2,RyanCao,2025-05-06,00:09:42,-07:00,2025-05-06T00:09:42-07:00,0,41
meta/main.js,102,js,3cbc5da2,RyanCao,2025-05-06,00:09:42,-07:00,2025-05-06T00:09:42-07:00,0,43
meta/main.js,103,js,3cbc5da2,RyanCao,2025-05-06,00:09:42,-07:00,2025-05-06T00:09:42-07:00,0,1
meta/main.js,104,js,3cbc5da2,RyanCao,2025-05-06,00:09:42,-07:00,2025-05-06T00:09:42-07:00,0,0
meta/main.js,105,js,3cbc5da2,RyanCao,2025-05-06,00:09:42,-07:00,2025-05-06T00:09:42-07:00,0,15
meta/main.js,106,js,3cbc5da2,RyanCao,2025-05-06,00:09:42,-07:00,2025-05-06T00:09:42-07:00,0,16
meta/main.js,107,js,3cbc5da2,RyanCao,2025-05-06,00:09:42,-07:00,2025-05-06T00:09:42-07:00,0,11
meta/main.js,108,js,3cbc5da2,RyanCao,2025-05-06,00:09:42,-07:00,2025-05-06T00:09:42-07:00,0,45
meta/main.js,109,js,3cbc5da2,RyanCao,2025-05-06,00:09:42,-07:00,2025-05-06T00:09:42-07:00,0,59
meta/main.js,110,js,3cbc5da2,RyanCao,2025-05-06,00:09:42,-07:00,2025-05-06T00:09:42-07:00,0,7
meta/main.js,111,js,3cbc5da2,RyanCao,2025-05-06,00:09:42,-07:00,2025-05-06T00:09:42-07:00,0,0
meta/main.js,112,js,3cbc5da2,RyanCao,2025-05-06,00:09:42,-07:00,2025-05-06T00:09:42-07:00,0,16
meta/main.js,113,js,3cbc5da2,RyanCao,2025-05-06,00:09:42,-07:00,2025-05-06T00:09:42-07:00,0,13
meta/main.js,114,js,3cbc5da2,RyanCao,2025-05-06,00:09:42,-07:00,2025-05-06T00:09:42-07:00,0,15
meta/main.js,115,js,3cbc5da2,RyanCao,2025-05-06,00:09:42,-07:00,2025-05-06T00:09:42-07:00,0,60
meta/main.js,116,js,3cbc5da2,RyanCao,2025-05-06,00:09:42,-07:00,2025-05-06T00:09:42-07:00,0,0
meta/main.js,117,js,3cbc5da2,RyanCao,2025-05-06,00:09:42,-07:00,2025-05-06T00:09:42-07:00,0,16
meta/main.js,118,js,3cbc5da2,RyanCao,2025-05-06,00:09:42,-07:00,2025-05-06T00:09:42-07:00,0,13
meta/main.js,119,js,3cbc5da2,RyanCao,2025-05-06,00:09:42,-07:00,2025-05-06T00:09:42-07:00,0,16
meta/main.js,120,js,3cbc5da2,RyanCao,2025-05-06,00:09:42,-07:00,2025-05-06T00:09:42-07:00,0,13
meta/main.js,121,js,3cbc5da2,RyanCao,2025-05-06,00:09:42,-07:00,2025-05-06T00:09:42-07:00,0,41
meta/main.js,122,js,3cbc5da2,RyanCao,2025-05-06,00:09:42,-07:00,2025-05-06T00:09:42-07:00,0,29
meta/main.js,123,js,3cbc5da2,RyanCao,2025-05-06,00:09:42,-07:00,2025-05-06T00:09:42-07:00,0,0
meta/main.js,124,js,3cbc5da2,RyanCao,2025-05-06,00:09:42,-07:00,2025-05-06T00:09:42-07:00,0,36
meta/main.js,125,js,3cbc5da2,RyanCao,2025-05-06,00:09:42,-07:00,2025-05-06T00:09:42-07:00,0,50
meta/main.js,126,js,3cbc5da2,RyanCao,2025-05-06,00:09:42,-07:00,2025-05-06T00:09:42-07:00,0,0
meta/main.js,127,js,3cbc5da2,RyanCao,2025-05-06,00:09:42,-07:00,2025-05-06T00:09:42-07:00,0,3
meta/main.js,128,js,3cbc5da2,RyanCao,2025-05-06,00:09:42,-07:00,2025-05-06T00:09:42-07:00,0,19
meta/main.js,129,js,3cbc5da2,RyanCao,2025-05-06,00:09:42,-07:00,2025-05-06T00:09:42-07:00,0,13
meta/main.js,130,js,3cbc5da2,RyanCao,2025-05-06,00:09:42,-07:00,2025-05-06T00:09:42-07:00,0,14
meta/main.js,131,js,3cbc5da2,RyanCao,2025-05-06,00:09:42,-07:00,2025-05-06T00:09:42-07:00,0,37
meta/main.js,132,js,3cbc5da2,RyanCao,2025-05-06,00:09:42,-07:00,2025-05-06T00:09:42-07:00,0,37
meta/main.js,133,js,3cbc5da2,RyanCao,2025-05-06,00:09:42,-07:00,2025-05-06T00:09:42-07:00,0,12
meta/main.js,134,js,8b7d8858,RyanCao,2025-05-06,12:34:02,-07:00,2025-05-06T12:34:02-07:00,0,25
meta/main.js,135,js,8b7d8858,RyanCao,2025-05-06,12:34:02,-07:00,2025-05-06T12:34:02-07:00,0,37
meta/main.js,136,js,8b7d8858,RyanCao,2025-05-06,12:34:02,-07:00,2025-05-06T12:34:02-07:00,0,28
meta/main.js,137,js,8b7d8858,RyanCao,2025-05-06,12:34:02,-07:00,2025-05-06T12:34:02-07:00,0,29
meta/main.js,138,js,8b7d8858,RyanCao,2025-05-06,12:34:02,-07:00,2025-05-06T12:34:02-07:00,0,28
meta/main.js,139,js,8b7d8858,RyanCao,2025-05-06,12:34:02,-07:00,2025-05-06T12:34:02-07:00,0,1
meta/main.js,140,js,8b7d8858,RyanCao,2025-05-06,12:34:02,-07:00,2025-05-06T12:34:02-07:00,0,24
meta/main.js,141,js,8b7d8858,RyanCao,2025-05-06,12:34:02,-07:00,2025-05-06T12:34:02-07:00,0,30
meta/main.js,142,js,8b7d8858,RyanCao,2025-05-06,12:34:02,-07:00,2025-05-06T12:34:02-07:00,0,2
meta/main.js,143,js,3cbc5da2,RyanCao,2025-05-06,00:09:42,-07:00,2025-05-06T00:09:42-07:00,0,0
meta/main.js,144,js,3cbc5da2,RyanCao,2025-05-06,00:09:42,-07:00,2025-05-06T00:09:42-07:00,0,17
meta/main.js,145,js,3cbc5da2,RyanCao,2025-05-06,00:09:42,-07:00,2025-05-06T00:09:42-07:00,0,35
meta/main.js,146,js,3cbc5da2,RyanCao,2025-05-06,00:09:42,-07:00,2025-05-06T00:09:42-07:00,0,15
meta/main.js,147,js,3cbc5da2,RyanCao,2025-05-06,00:09:42,-07:00,2025-05-06T00:09:42-07:00,0,16
meta/main.js,148,js,3cbc5da2,RyanCao,2025-05-06,00:09:42,-07:00,2025-05-06T00:09:42-07:00,0,59
meta/main.js,149,js,3cbc5da2,RyanCao,2025-05-06,00:09:42,-07:00,2025-05-06T00:09:42-07:00,0,0
meta/main.js,150,js,3cbc5da2,RyanCao,2025-05-06,00:09:42,-07:00,2025-05-06T00:09:42-07:00,0,12
meta/main.js,151,js,3cbc5da2,RyanCao,2025-05-06,00:09:42,-07:00,2025-05-06T00:09:42-07:00,0,2
meta/main.js,152,js,3cbc5da2,RyanCao,2025-05-06,00:09:42,-07:00,2025-05-06T00:09:42-07:00,0,11
meta/main.js,153,js,3cbc5da2,RyanCao,2025-05-06,00:09:42,-07:00,2025-05-06T00:09:42-07:00,0,55
meta/main.js,154,js,3cbc5da2,RyanCao,2025-05-06,00:09:42,-07:00,2025-05-06T00:09:42-07:00,0,12
meta/main.js,155,js,3cbc5da2,RyanCao,2025-05-06,00:09:42,-07:00,2025-05-06T00:09:42-07:00,0,0
meta/main.js,156,js,3cbc5da2,RyanCao,2025-05-06,00:09:42,-07:00,2025-05-06T00:09:42-07:00,0,12
meta/main.js,157,js,3cbc5da2,RyanCao,2025-05-06,00:09:42,-07:00,2025-05-06T00:09:42-07:00,0,2
meta/main.js,158,js,3cbc5da2,RyanCao,2025-05-06,00:09:42,-07:00,2025-05-06T00:09:42-07:00,0,11
meta/main.js,159,js,3cbc5da2,RyanCao,2025-05-06,00:09:42,-07:00,2025-05-06T00:09:42-07:00,0,53
meta/main.js,160,js,3cbc5da2,RyanCao,2025-05-06,00:09:42,-07:00,2025-05-06T00:09:42-07:00,0,12
meta/main.js,161,js,3cbc5da2,RyanCao,2025-05-06,00:09:42,-07:00,2025-05-06T00:09:42-07:00,0,20
meta/main.js,162,js,3cbc5da2,RyanCao,2025-05-06,00:09:42,-07:00,2025-05-06T00:09:42-07:00,0,11
meta/main.js,163,js,3cbc5da2,RyanCao,2025-05-06,00:09:42,-07:00,2025-05-06T00:09:42-07:00,0,26
meta/main.js,164,js,3cbc5da2,RyanCao,2025-05-06,00:09:42,-07:00,2025-05-06T00:09:42-07:00,0,54
meta/main.js,165,js,3cbc5da2,RyanCao,2025-05-06,00:09:42,-07:00,2025-05-06T00:09:42-07:00,0,0
meta/main.js,166,js,3cbc5da2,RyanCao,2025-05-06,00:09:42,-07:00,2025-05-06T00:09:42-07:00,0,65
meta/main.js,167,js,3cbc5da2,RyanCao,2025-05-06,00:09:42,-07:00,2025-05-06T00:09:42-07:00,0,78
meta/main.js,168,js,3cbc5da2,RyanCao,2025-05-06,00:09:42,-07:00,2025-05-06T00:09:42-07:00,0,0
meta/main.js,169,js,3cbc5da2,RyanCao,2025-05-06,00:09:42,-07:00,2025-05-06T00:09:42-07:00,0,0
meta/main.js,170,js,8b7d8858,RyanCao,2025-05-06,12:34:02,-07:00,2025-05-06T12:34:02-07:00,0,32
meta/main.js,171,js,8b7d8858,RyanCao,2025-05-06,12:34:02,-07:00,2025-05-06T12:34:02-07:00,0,38
meta/main.js,172,js,8b7d8858,RyanCao,2025-05-06,12:34:02,-07:00,2025-05-06T12:34:02-07:00,0,51
meta/main.js,173,js,8b7d8858,RyanCao,2025-05-06,12:34:02,-07:00,2025-05-06T12:34:02-07:00,0,51
meta/main.js,174,js,8b7d8858,RyanCao,2025-05-06,12:34:02,-07:00,2025-05-06T12:34:02-07:00,0,51
meta/main.js,175,js,8b7d8858,RyanCao,2025-05-06,12:34:02,-07:00,2025-05-06T12:34:02-07:00,0,55
meta/main.js,176,js,8b7d8858,RyanCao,2025-05-06,12:34:02,-07:00,2025-05-06T12:34:02-07:00,0,53
meta/main.js,177,js,8b7d8858,RyanCao,2025-05-06,12:34:02,-07:00,2025-05-06T12:34:02-07:00,0,0
meta/main.js,178,js,8b7d8858,RyanCao,2025-05-06,12:34:02,-07:00,2025-05-06T12:34:02-07:00,0,0
meta/main.js,179,js,8b7d8858,RyanCao,2025-05-06,12:34:02,-07:00,2025-05-06T12:34:02-07:00,0,0
meta/main.js,180,js,8b7d8858,RyanCao,2025-05-06,12:34:02,-07:00,2025-05-06T12:34:02-07:00,0,44
meta/main.js,181,js,8b7d8858,RyanCao,2025-05-06,12:34:02,-07:00,2025-05-06T12:34:02-07:00,0,0
meta/main.js,182,js,8b7d8858,RyanCao,2025-05-06,12:34:02,-07:00,2025-05-06T12:34:02-07:00,0,22
meta/main.js,183,js,8b7d8858,RyanCao,2025-05-06,12:34:02,-07:00,2025-05-06T12:34:02-07:00,0,28
meta/main.js,184,js,8b7d8858,RyanCao,2025-05-06,12:34:02,-07:00,2025-05-06T12:34:02-07:00,0,57
meta/main.js,185,js,8b7d8858,RyanCao,2025-05-06,12:34:02,-07:00,2025-05-06T12:34:02-07:00,0,17
meta/main.js,186,js,8b7d8858,RyanCao,2025-05-06,12:34:02,-07:00,2025-05-06T12:34:02-07:00,0,2
meta/main.js,187,js,8b7d8858,RyanCao,2025-05-06,12:34:02,-07:00,2025-05-06T12:34:02-07:00,0,30
meta/main.js,188,js,8b7d8858,RyanCao,2025-05-06,12:34:02,-07:00,2025-05-06T12:34:02-07:00,0,0
meta/main.js,189,js,8b7d8858,RyanCao,2025-05-06,12:34:02,-07:00,2025-05-06T12:34:02-07:00,0,34
meta/main.js,190,js,8b7d8858,RyanCao,2025-05-06,12:34:02,-07:00,2025-05-06T12:34:02-07:00,0,0
meta/main.js,191,js,8b7d8858,RyanCao,2025-05-06,12:34:02,-07:00,2025-05-06T12:34:02-07:00,0,37
meta/main.js,192,js,8b7d8858,RyanCao,2025-05-06,12:34:02,-07:00,2025-05-06T12:34:02-07:00,0,0
meta/main.js,193,js,8b7d8858,RyanCao,2025-05-06,12:34:02,-07:00,2025-05-06T12:34:02-07:00,0,0
meta/main.js,194,js,8b7d8858,RyanCao,2025-05-06,12:34:02,-07:00,2025-05-06T12:34:02-07:00,0,0
meta/main.js,195,js,8b7d8858,RyanCao,2025-05-06,12:34:02,-07:00,2025-05-06T12:34:02-07:00,0,44
meta/main.js,196,js,8b7d8858,RyanCao,2025-05-06,12:34:02,-07:00,2025-05-06T12:34:02-07:00,0,57
meta/main.js,197,js,8b7d8858,RyanCao,2025-05-06,12:34:02,-07:00,2025-05-06T12:34:02-07:00,0,27
meta/main.js,198,js,8b7d8858,RyanCao,2025-05-06,12:34:02,-07:00,2025-05-06T12:34:02-07:00,0,0
meta/main.js,199,js,8b7d8858,RyanCao,2025-05-06,12:34:02,-07:00,2025-05-06T12:34:02-07:00,0,38
meta/main.js,200,js,8b7d8858,RyanCao,2025-05-06,12:34:02,-07:00,2025-05-06T12:34:02-07:00,0,57
meta/main.js,201,js,8b7d8858,RyanCao,2025-05-06,12:34:02,-07:00,2025-05-06T12:34:02-07:00,0,41
meta/main.js,202,js,8b7d8858,RyanCao,2025-05-06,12:34:02,-07:00,2025-05-06T12:34:02-07:00,0,40
meta/main.js,203,js,8b7d8858,RyanCao,2025-05-06,12:34:02,-07:00,2025-05-06T12:34:02-07:00,0,0
meta/main.js,204,js,8b7d8858,RyanCao,2025-05-06,12:34:02,-07:00,2025-05-06T12:34:02-07:00,0,0
meta/main.js,205,js,3cbc5da2,RyanCao,2025-05-06,00:09:42,-07:00,2025-05-06T00:09:42-07:00,0,0
meta/index.html,1,html,705b324f,RyanCao,2025-05-05,22:24:06,-07:00,2025-05-05T22:24:06-07:00,0,14
meta/index.html,2,html,705b324f,RyanCao,2025-05-05,22:24:06,-07:00,2025-05-05T22:24:06-07:00,0,15
meta/index.html,3,html,705b324f,RyanCao,2025-05-05,22:24:06,-07:00,2025-05-05T22:24:06-07:00,0,5
meta/index.html,4,html,705b324f,RyanCao,2025-05-05,22:24:06,-07:00,2025-05-05T22:24:06-07:00,0,21
meta/index.html,5,html,705b324f,RyanCao,2025-05-05,22:24:06,-07:00,2025-05-05T22:24:06-07:00,0,69
meta/index.html,6,html,705b324f,RyanCao,2025-05-05,22:24:06,-07:00,2025-05-05T22:24:06-07:00,0,18
meta/index.html,7,html,705b324f,RyanCao,2025-05-05,22:24:06,-07:00,2025-05-05T22:24:06-07:00,0,0
meta/index.html,8,html,705b324f,RyanCao,2025-05-05,22:24:06,-07:00,2025-05-05T22:24:06-07:00,0,43
meta/index.html,9,html,705b324f,RyanCao,2025-05-05,22:24:06,-07:00,2025-05-05T22:24:06-07:00,0,49
meta/index.html,10,html,0dc70a03,RyanCao,2025-05-05,23:17:01,-07:00,2025-05-05T23:17:01-07:00,0,45
meta/index.html,11,html,705b324f,RyanCao,2025-05-05,22:24:06,-07:00,2025-05-05T22:24:06-07:00,0,6
meta/index.html,12,html,705b324f,RyanCao,2025-05-05,22:24:06,-07:00,2025-05-05T22:24:06-07:00,0,5
meta/index.html,13,html,705b324f,RyanCao,2025-05-05,22:24:06,-07:00,2025-05-05T22:24:06-07:00,0,0
meta/index.html,14,html,3cbc5da2,RyanCao,2025-05-06,00:09:42,-07:00,2025-05-06T00:09:42-07:00,0,12
meta/index.html,15,html,3cbc5da2,RyanCao,2025-05-06,00:09:42,-07:00,2025-05-06T00:09:42-07:00,0,71
meta/index.html,16,html,3cbc5da2,RyanCao,2025-05-06,00:09:42,-07:00,2025-05-06T00:09:42-07:00,0,21
meta/index.html,17,html,3cbc5da2,RyanCao,2025-05-06,00:09:42,-07:00,2025-05-06T00:09:42-07:00,0,30
meta/index.html,18,html,3cbc5da2,RyanCao,2025-05-06,00:09:42,-07:00,2025-05-06T00:09:42-07:00,0,21
meta/index.html,19,html,8b7d8858,RyanCao,2025-05-06,12:34:02,-07:00,2025-05-06T12:34:02-07:00,0,51
meta/index.html,20,html,8b7d8858,RyanCao,2025-05-06,12:34:02,-07:00,2025-05-06T12:34:02-07:00,0,14
meta/index.html,21,html,8b7d8858,RyanCao,2025-05-06,12:34:02,-07:00,2025-05-06T12:34:02-07:00,0,3
meta/index.html,22,html,8b7d8858,RyanCao,2025-05-06,12:34:02,-07:00,2025-05-06T12:34:02-07:00,0,47
meta/index.html,23,html,8b7d8858,RyanCao,2025-05-06,12:34:02,-07:00,2025-05-06T12:34:02-07:00,0,4
meta/index.html,24,html,8b7d8858,RyanCao,2025-05-06,12:34:02,-07:00,2025-05-06T12:34:02-07:00,0,0
meta/index.html,25,html,8b7d8858,RyanCao,2025-05-06,12:34:02,-07:00,2025-05-06T12:34:02-07:00,0,12
meta/index.html,26,html,8b7d8858,RyanCao,2025-05-06,12:34:02,-07:00,2025-05-06T12:34:02-07:00,0,25
meta/index.html,27,html,8b7d8858,RyanCao,2025-05-06,12:34:02,-07:00,2025-05-06T12:34:02-07:00,0,0
meta/index.html,28,html,8b7d8858,RyanCao,2025-05-06,12:34:02,-07:00,2025-05-06T12:34:02-07:00,0,39
meta/index.html,29,html,8b7d8858,RyanCao,2025-05-06,12:34:02,-07:00,2025-05-06T12:34:02-07:00,0,12
meta/index.html,30,html,8b7d8858,RyanCao,2025-05-06,12:34:02,-07:00,2025-05-06T12:34:02-07:00,0,25
meta/index.html,31,html,8b7d8858,RyanCao,2025-05-06,12:34:02,-07:00,2025-05-06T12:34:02-07:00,0,0
meta/index.html,32,html,8b7d8858,RyanCao,2025-05-06,12:34:02,-07:00,2025-05-06T12:34:02-07:00,0,14
meta/index.html,33,html,8b7d8858,RyanCao,2025-05-06,12:34:02,-07:00,2025-05-06T12:34:02-07:00,0,27
meta/index.html,34,html,8b7d8858,RyanCao,2025-05-06,12:34:02,-07:00,2025-05-06T12:34:02-07:00,0,0
meta/index.html,35,html,8b7d8858,RyanCao,2025-05-06,12:34:02,-07:00,2025-05-06T12:34:02-07:00,0,20
meta/index.html,36,html,8b7d8858,RyanCao,2025-05-06,12:34:02,-07:00,2025-05-06T12:34:02-07:00,0,26
meta/index.html,37,html,8b7d8858,RyanCao,2025-05-06,12:34:02,-07:00,2025-05-06T12:34:02-07:00,0,4
meta/index.html,38,html,705b324f,RyanCao,2025-05-05,22:24:06,-07:00,2025-05-05T22:24:06-07:00,0,6
meta/index.html,39,html,705b324f,RyanCao,2025-05-05,22:24:06,-07:00,2025-05-05T22:24:06-07:00,0,6
contact/index.html,1,html,6054fc6c,RyanCao,2025-04-04,14:29:27,-07:00,2025-04-04T14:29:27-07:00,0,14
contact/index.html,2,html,6054fc6c,RyanCao,2025-04-04,14:29:27,-07:00,2025-04-04T14:29:27-07:00,0,15
contact/index.html,3,html,6054fc6c,RyanCao,2025-04-04,14:29:27,-07:00,2025-04-04T14:29:27-07:00,0,5
contact/index.html,4,html,bb35f19d,RyanCao,2025-04-16,23:40:06,-07:00,2025-04-16T23:40:06-07:00,0,23
contact/index.html,5,html,bb35f19d,RyanCao,2025-04-16,23:40:06,-07:00,2025-04-16T23:40:06-07:00,0,71
contact/index.html,6,html,aad64d4f,RyanCao,2025-04-16,22:42:09,-07:00,2025-04-16T22:42:09-07:00,0,21
contact/index.html,7,html,704454a3,RyanCao,2025-04-16,23:41:45,-07:00,2025-04-16T23:41:45-07:00,0,44
contact/index.html,8,html,704454a3,RyanCao,2025-04-16,23:41:45,-07:00,2025-04-16T23:41:45-07:00,0,49
contact/index.html,9,html,6054fc6c,RyanCao,2025-04-04,14:29:27,-07:00,2025-04-04T14:29:27-07:00,0,6
contact/index.html,10,html,6054fc6c,RyanCao,2025-04-04,14:29:27,-07:00,2025-04-04T14:29:27-07:00,0,5
contact/index.html,11,html,6054fc6c,RyanCao,2025-04-04,14:29:27,-07:00,2025-04-04T14:29:27-07:00,0,0
contact/index.html,12,html,6054fc6c,RyanCao,2025-04-04,14:29:27,-07:00,2025-04-04T14:29:27-07:00,0,15
contact/index.html,13,html,bb35f19d,RyanCao,2025-04-16,23:40:06,-07:00,2025-04-16T23:40:06-07:00,0,45
contact/index.html,14,html,6054fc6c,RyanCao,2025-04-04,14:29:27,-07:00,2025-04-04T14:29:27-07:00,0,0
contact/index.html,15,html,4c03694e,RyanCao,2025-04-17,00:17:11,-07:00,2025-04-17T00:17:11-07:00,0,35
contact/index.html,16,html,ce7299d6,RyanCao,2025-04-16,23:33:22,-07:00,2025-04-16T23:33:22-07:00,0,20
contact/index.html,17,html,67505467,RyanCao,2025-04-09,20:42:38,-07:00,2025-04-09T20:42:38-07:00,0,7
contact/index.html,18,html,bb35f19d,RyanCao,2025-04-16,23:40:06,-07:00,2025-04-16T23:40:06-07:00,0,45
contact/index.html,19,html,67505467,RyanCao,2025-04-09,20:42:38,-07:00,2025-04-09T20:42:38-07:00,0,7
contact/index.html,20,html,bb35f19d,RyanCao,2025-04-16,23:40:06,-07:00,2025-04-16T23:40:06-07:00,0,0
contact/index.html,21,html,67505467,RyanCao,2025-04-09,20:42:38,-07:00,2025-04-09T20:42:38-07:00,0,17
contact/index.html,22,html,67505467,RyanCao,2025-04-09,20:42:38,-07:00,2025-04-09T20:42:38-07:00,0,7
contact/index.html,23,html,bb35f19d,RyanCao,2025-04-16,23:40:06,-07:00,2025-04-16T23:40:06-07:00,0,42
contact/index.html,24,html,67505467,RyanCao,2025-04-09,20:42:38,-07:00,2025-04-09T20:42:38-07:00,0,7
contact/index.html,25,html,bb35f19d,RyanCao,2025-04-16,23:40:06,-07:00,2025-04-16T23:40:06-07:00,0,0
contact/index.html,26,html,67505467,RyanCao,2025-04-09,20:42:38,-07:00,2025-04-09T20:42:38-07:00,0,28
contact/index.html,27,html,6054fc6c,RyanCao,2025-04-04,14:29:27,-07:00,2025-04-04T14:29:27-07:00,0,6
contact/index.html,28,html,bb35f19d,RyanCao,2025-04-16,23:40:06,-07:00,2025-04-16T23:40:06-07:00,0,0
contact/index.html,29,html,eeb053b6,RyanCao,2025-04-16,21:53:39,-07:00,2025-04-16T21:53:39-07:00,0,21
contact/index.html,30,html,bb35f19d,RyanCao,2025-04-16,23:40:06,-07:00,2025-04-16T23:40:06-07:00,0,51
contact/index.html,31,html,bb35f19d,RyanCao,2025-04-16,23:40:06,-07:00,2025-04-16T23:40:06-07:00,0,0
contact/index.html,32,html,bb35f19d,RyanCao,2025-04-16,23:40:06,-07:00,2025-04-16T23:40:06-07:00,0,46
contact/index.html,33,html,eeb053b6,RyanCao,2025-04-16,21:53:39,-07:00,2025-04-16T21:53:39-07:00,0,18
contact/index.html,34,html,eeb053b6,RyanCao,2025-04-16,21:53:39,-07:00,2025-04-16T21:53:39-07:00,0,0
contact/index.html,35,html,bb35f19d,RyanCao,2025-04-16,23:40:06,-07:00,2025-04-16T23:40:06-07:00,0,31
contact/index.html,36,html,eeb053b6,RyanCao,2025-04-16,21:53:39,-07:00,2025-04-16T21:53:39-07:00,0,17
contact/index.html,37,html,bb35f19d,RyanCao,2025-04-16,23:40:06,-07:00,2025-04-16T23:40:06-07:00,0,0
contact/index.html,38,html,bb35f19d,RyanCao,2025-04-16,23:40:06,-07:00,2025-04-16T23:40:06-07:00,0,32
contact/index.html,39,html,bb35f19d,RyanCao,2025-04-16,23:40:06,-07:00,2025-04-16T23:40:06-07:00,0,51
contact/index.html,40,html,eeb053b6,RyanCao,2025-04-16,21:53:39,-07:00,2025-04-16T21:53:39-07:00,0,0
contact/index.html,41,html,2b5f1405,RyanCao,2025-04-17,00:20:06,-07:00,2025-04-17T00:20:06-07:00,0,55
contact/index.html,42,html,2b5f1405,RyanCao,2025-04-17,00:20:06,-07:00,2025-04-17T00:20:06-07:00,0,19
contact/index.html,43,html,eeb053b6,RyanCao,2025-04-16,21:53:39,-07:00,2025-04-16T21:53:39-07:00,0,2
contact/index.html,44,html,eeb053b6,RyanCao,2025-04-16,21:53:39,-07:00,2025-04-16T21:53:39-07:00,0,8
contact/index.html,45,html,bb35f19d,RyanCao,2025-04-16,23:40:06,-07:00,2025-04-16T23:40:06-07:00,0,0
contact/index.html,46,html,6054fc6c,RyanCao,2025-04-04,14:29:27,-07:00,2025-04-04T14:29:27-07:00,0,6
contact/index.html,47,html,6054fc6c,RyanCao,2025-04-04,14:29:27,-07:00,2025-04-04T14:29:27-07:00,0,6
